sweep_id,config,bootstrap,embedding,embedding_label,fold,input_dim,n_rows,tanimoto_spearman,pred_tanimoto_spearman,scalarness,tanimoto_partial,knn20_jaccard,n_readout,emb_effective_rank,emb_top1_share,emb_min_std,emb_dim
lyc0lh2d,cfg0,boot00,vn03,VN 3,0,336,66296,0.4126150264243697,0.07239345192435535,0.09950333458779836,0.4074336365326678,0.0980555018324329,5000,66.38463568557536,0.08561008228775611,0.07650527231470584,336
lyc0lh2d,cfg0,boot00,vn06,VN 6,0,336,66296,0.4245737111210709,0.07239345192435535,0.11867329004322086,0.41894306332535997,0.1081876303036654,5000,67.70253967088358,0.08018782636209455,0.22465691291003284,336
lyc0lh2d,cfg0,boot00,vn09,VN 9,0,336,66296,0.44367338119217825,0.07239345192435535,0.12911756444064423,0.437992421265249,0.11095046097070245,5000,65.2271041312627,0.08623895633598286,0.23269562167989782,336
lyc0lh2d,cfg0,boot00,vn12,VN 12,0,336,66296,0.4506635425567573,0.07239345192435535,0.14528023939146742,0.4448659898928184,0.11244707146852227,5000,64.91571543018352,0.09149341158146083,0.2498723305697186,336
lyc0lh2d,cfg0,boot00,vn15,VN 15,0,336,66296,0.4470719783769084,0.07239345192435535,0.1618722631163116,0.441171783554843,0.11313687066506116,5000,64.73186168662319,0.09869113794007106,0.2697574056688068,336
lyc0lh2d,cfg0,boot00,pooled512,Pooled embedding,0,512,66296,0.188133465914503,0.07239345192435535,0.34390213638741723,0.17384051948440074,0.14855681453316663,5000,122.06569246717869,0.1443501715251547,0.10365103494084826,512
lyc0lh2d,cfg0,boot00,z,Head export (z),0,1024,66296,0.1542488771831419,0.07239345192435535,0.8107715244543187,0.16323951216835536,0.10869834408321305,5000,30.73155048064686,0.36910751491701227,0.004218920814585097,1024
lyc0lh2d,cfg0,boot01,vn03,VN 3,0,336,66296,0.405155056922986,0.06988970704502728,0.09162803740206965,0.40043571184663196,0.09911022460935065,5000,64.53905041488241,0.08491324614325314,0.14378263530042049,336
lyc0lh2d,cfg0,boot01,vn06,VN 6,0,336,66296,0.4333122405474371,0.06988970704502728,0.11816650117240071,0.4280526427283058,0.11336829372167706,5000,67.83598695966433,0.08108577480384241,0.2355589681951439,336
lyc0lh2d,cfg0,boot01,vn09,VN 9,0,336,66296,0.45637927390279115,0.06988970704502728,0.1290297882927816,0.4511325640902487,0.11607895981527432,5000,65.39109577190592,0.08516086685955745,0.24984180103971051,336
lyc0lh2d,cfg0,boot01,vn12,VN 12,0,336,66296,0.4657801327622603,0.06988970704502728,0.13985839210179918,0.4605318003601832,0.11776939740388626,5000,64.634607449052,0.09318543303738154,0.26391909155393795,336
lyc0lh2d,cfg0,boot01,vn15,VN 15,0,336,66296,0.4665116685028765,0.06988970704502728,0.14872188551902757,0.4612470388635052,0.11874353648099695,5000,65.3146722505115,0.09841740386363416,0.2757750111323078,336
lyc0lh2d,cfg0,boot01,pooled512,Pooled embedding,0,512,66296,0.19621543942337322,0.06988970704502728,0.33224309130170715,0.1834141283240547,0.15333562739035728,5000,124.98453735390362,0.12879759286768136,0.18900592830352278,512
lyc0lh2d,cfg0,boot01,z,Head export (z),0,1024,66296,0.14483564591982961,0.06988970704502728,0.7973555707904519,0.14765078682662378,0.11671705887946425,5000,33.99046589962279,0.3585334872895588,0.004776695227088549,1024
lyc0lh2d,cfg0,boot02,vn03,VN 3,0,336,66296,0.4062550176603519,0.06957502945060613,0.08051645597840082,0.4019581285357197,0.09906172730256269,5000,64.26697443352808,0.08812083726975824,0.08583394253406568,336
lyc0lh2d,cfg0,boot02,vn06,VN 6,0,336,66296,0.43692129283372927,0.06957502945060613,0.09940030705151882,0.43214570391489937,0.10961700782225628,5000,66.86310515020084,0.08712714361733861,0.27505865373539573,336
lyc0lh2d,cfg0,boot02,vn09,VN 9,0,336,66296,0.4507843760304092,0.06957502945060613,0.11288599715328651,0.4457797775743624,0.11309452816895635,5000,64.9387336835841,0.08640271449324789,0.3105810817192493,336
lyc0lh2d,cfg0,boot02,vn12,VN 12,0,336,66296,0.45822042051864637,0.06957502945060613,0.12405063562860298,0.4530893060045973,0.11428724025308955,5000,64.28481698823462,0.09019895203615563,0.3482582695246382,336
lyc0lh2d,cfg0,boot02,vn15,VN 15,0,336,66296,0.45855503325355945,0.06957502945060613,0.131643466878441,0.4533413061516179,0.11505455543071753,5000,64.77260205167397,0.09356330931120754,0.35030618368885397,336
lyc0lh2d,cfg0,boot02,pooled512,Pooled embedding,0,512,66296,0.19269274432845757,0.06957502945060613,0.38998087500910406,0.17979548870352102,0.15505489844707682,5000,125.0169010751908,0.1335123209028985,0.14170078105760692,512
lyc0lh2d,cfg0,boot02,z,Head export (z),0,1024,66296,0.14808798058723985,0.06957502945060613,0.8348678919252278,0.16350615484050893,0.11631354910899722,5000,27.697776996570393,0.41479091093600723,0.0037173706870687905,1024
lyc0lh2d,cfg0,boot03,vn03,VN 3,0,336,66296,0.40436278620757027,0.07094583234724534,0.08034566911963385,0.39995562807309654,0.09657966690499044,5000,62.984251463962586,0.08920700298899796,0.09074308458957178,336
lyc0lh2d,cfg0,boot03,vn06,VN 6,0,336,66296,0.4325241355228264,0.07094583234724534,0.11136578878633029,0.4272811062726321,0.1108219640887412,5000,67.64545049726708,0.08128525747040619,0.2576089586324863,336
lyc0lh2d,cfg0,boot03,vn09,VN 9,0,336,66296,0.44740062279559173,0.07094583234724534,0.1268272954846235,0.44197175880274997,0.11485031248883179,5000,65.3272652236316,0.08662508420801404,0.33421266850195624,336
lyc0lh2d,cfg0,boot03,vn12,VN 12,0,336,66296,0.45533907132424545,0.07094583234724534,0.13860511248540425,0.449847668203945,0.11572052381391158,5000,64.73399328986497,0.09427579258103795,0.3438131013623826,336
lyc0lh2d,cfg0,boot03,vn15,VN 15,0,336,66296,0.45599662064126517,0.07094583234724534,0.15107446037179673,0.4504485924199301,0.11663285152176016,5000,65.45422121418616,0.09842230276885677,0.354652497679058,336
lyc0lh2d,cfg0,boot03,pooled512,Pooled embedding,0,512,66296,0.2130644772439757,0.07094583234724534,0.38188334467789176,0.20122194961589054,0.15378422523669502,5000,130.36780433085,0.12644000272907438,0.1788191961706432,512
lyc0lh2d,cfg0,boot03,z,Head export (z),0,1024,66296,0.14270705924619406,0.07094583234724534,0.812061017270213,0.14581685956362084,0.11993968237818499,5000,35.98404644259031,0.36525183871422806,0.001057118065145479,1024
lyc0lh2d,cfg0,boot04,vn03,VN 3,0,336,66296,0.4116822861990042,0.07104841943147756,0.08100402713332738,0.40726544433297257,0.09871038208837023,5000,64.29718785758797,0.08654796965155538,0.07646100606684356,336
lyc0lh2d,cfg0,boot04,vn06,VN 6,0,336,66296,0.43384009927426087,0.07104841943147756,0.1077707792669358,0.428679886545122,0.11092782814443063,5000,68.34822086594066,0.0801660491816166,0.09673038389713107,336
lyc0lh2d,cfg0,boot04,vn09,VN 9,0,336,66296,0.4520322363406188,0.07104841943147756,0.12142070141388196,0.44671063911719533,0.11390895373032467,5000,65.81419001426788,0.08344359330514223,0.11620348724354221,336
lyc0lh2d,cfg0,boot04,vn12,VN 12,0,336,66296,0.4612424124154849,0.07104841943147756,0.1333347198284556,0.4558393520412135,0.11555231175076401,5000,65.54206120617036,0.08460466012876228,0.12953648754272626,336
lyc0lh2d,cfg0,boot04,vn15,VN 15,0,336,66296,0.4628536709565843,0.07104841943147756,0.14352695366425325,0.45739195730007554,0.11657838772502423,5000,66.45184440550106,0.0878581353313139,0.14491346164121313,336
lyc0lh2d,cfg0,boot04,pooled512,Pooled embedding,0,512,66296,0.21237452115856764,0.07104841943147756,0.37101042366931103,0.2003112940981545,0.15617129679061034,5000,136.82921502107803,0.12215086689330354,0.11539118444961864,512
lyc0lh2d,cfg0,boot04,z,Head export (z),0,1024,66296,0.14623036876355855,0.07104841943147756,0.8050189005695949,0.15008036045800194,0.11527253678700158,5000,36.754298300968536,0.35683404606108543,0.0018405095119590415,1024
lyc0lh2d,cfg0,boot05,vn03,VN 3,0,336,66296,0.40899251541587195,0.0715003224606923,0.07216010505008155,0.40488856419972247,0.09704752693186128,5000,63.78039014701919,0.08944099861285809,0.10086035358055821,336
lyc0lh2d,cfg0,boot05,vn06,VN 6,0,336,66296,0.4390950112487842,0.0715003224606923,0.10920239436575473,0.43388181963384703,0.11046383627936493,5000,65.4137920688539,0.08782347263770811,0.23966478893562734,336
lyc0lh2d,cfg0,boot05,vn09,VN 9,0,336,66296,0.45180729760780713,0.0715003224606923,0.12712043179151977,0.44633916601342,0.11238106193259119,5000,62.79235518189732,0.09256917530510318,0.2791733766880397,336
lyc0lh2d,cfg0,boot05,vn12,VN 12,0,336,66296,0.4582755918385935,0.0715003224606923,0.14230114527976404,0.45270803791185743,0.11403773149691174,5000,62.55443830943963,0.09941648347586465,0.286861040938368,336
lyc0lh2d,cfg0,boot05,vn15,VN 15,0,336,66296,0.4581615615051818,0.0715003224606923,0.15028422851838705,0.45255594427491397,0.11536863766046683,5000,63.63351362359477,0.10017941322037097,0.37051124979111766,336
lyc0lh2d,cfg0,boot05,pooled512,Pooled embedding,0,512,66296,0.18106501682574092,0.0715003224606923,0.33177333722311897,0.1667902613375777,0.15300262890052396,5000,124.89943467109835,0.13108383827824766,0.19937551260748723,512
lyc0lh2d,cfg0,boot05,z,Head export (z),0,1024,66296,0.14054224707469,0.0715003224606923,0.8129865537218337,0.1415351688555695,0.12076914925556526,5000,33.3867707866078,0.3693570229437744,0.0009308509954664061,1024
lyc0lh2d,cfg0,boot06,vn03,VN 3,0,336,66296,0.40043147608029134,0.07062708954536698,0.07889123629089892,0.39609415232342204,0.09950979571873293,5000,64.61205553714562,0.08407772233855436,0.08732239550150826,336
lyc0lh2d,cfg0,boot06,vn06,VN 6,0,336,66296,0.4271612028659289,0.07062708954536698,0.10280541241338984,0.42213705469498547,0.1110391797777283,5000,66.60924658289146,0.07959835073489487,0.26551706804997677,336
lyc0lh2d,cfg0,boot06,vn09,VN 9,0,336,66296,0.4472626966004415,0.07062708954536698,0.11491830333742972,0.44207512281251077,0.11407968020371873,5000,64.18016542300222,0.08608739461424496,0.30390752138617844,336
lyc0lh2d,cfg0,boot06,vn12,VN 12,0,336,66296,0.4555048355413864,0.07062708954536698,0.12899937299418573,0.45015517801573823,0.11524639605521295,5000,63.67638633924456,0.09553986987902961,0.30984175210166137,336
lyc0lh2d,cfg0,boot06,vn15,VN 15,0,336,66296,0.45666222873594986,0.07062708954536698,0.1390687730581896,0.45122488210332695,0.11614157954972525,5000,64.39033773167762,0.09945433636565788,0.3181228569151784,336
lyc0lh2d,cfg0,boot06,pooled512,Pooled embedding,0,512,66296,0.22663897635540592,0.07062708954536698,0.38263654418142273,0.2160566047540179,0.15671703057324665,5000,130.80699413815898,0.1277784051882139,0.19103072793918938,512
lyc0lh2d,cfg0,boot06,z,Head export (z),0,1024,66296,0.14133484331455182,0.07062708954536698,0.8236953597011567,0.14665759840594325,0.11951167193749222,5000,34.37655488985809,0.3688155298036732,0.004283377636990394,1024
lyc0lh2d,cfg0,boot07,vn03,VN 3,0,336,66296,0.4033774738090136,0.06959203767622486,0.09097259718473501,0.39869975535117885,0.09945449751914083,5000,62.702068075605624,0.09425832134333396,0.06591913680156733,336
lyc0lh2d,cfg0,boot07,vn06,VN 6,0,336,66296,0.43663969336572683,0.06959203767622486,0.1198126694792713,0.43140933535641246,0.11168211953925927,5000,65.72669024268627,0.08545305599785474,0.2597747329004536,336
lyc0lh2d,cfg0,boot07,vn09,VN 9,0,336,66296,0.4508811097149692,0.06959203767622486,0.1337297609679081,0.44557682734270165,0.11478216763367437,5000,63.62980307462636,0.0929932465611698,0.2958753456293142,336
lyc0lh2d,cfg0,boot07,vn12,VN 12,0,336,66296,0.4593223880831648,0.06959203767622486,0.14964392204418492,0.45402065610427395,0.11572599223132406,5000,63.30820832452919,0.10092136243629496,0.32167332170308877,336
lyc0lh2d,cfg0,boot07,vn15,VN 15,0,336,66296,0.4596369046399498,0.06959203767622486,0.1598223682199995,0.45435491386928084,0.11711664802894561,5000,63.81852772112887,0.10438882171101159,0.3725765225227648,336
lyc0lh2d,cfg0,boot07,pooled512,Pooled embedding,0,512,66296,0.18006750071181357,0.06959203767622486,0.32995263966299154,0.1664256805068102,0.15736586655552998,5000,119.53958272207376,0.13977492431901564,0.14883300956632226,512
lyc0lh2d,cfg0,boot07,z,Head export (z),0,1024,66296,0.16571292390067605,0.06959203767622486,0.8133963082668257,0.18756258274705176,0.1206409256517848,5000,34.56864557883642,0.3539950234567263,0.0011854376156580587,1024
lyc0lh2d,cfg0,boot08,vn03,VN 3,0,336,66296,0.3987891754426692,0.07226630246422806,0.08278293365963392,0.394159671682181,0.09831296093659869,5000,63.236333631462465,0.09239299036295621,0.07668679404656362,336
lyc0lh2d,cfg0,boot08,vn06,VN 6,0,336,66296,0.4195773004185201,0.07226630246422806,0.09236864280064015,0.41467494588232223,0.10978683894748828,5000,66.45904496300095,0.0827381893837226,0.25063692094676665,336
lyc0lh2d,cfg0,boot08,vn09,VN 9,0,336,66296,0.4387728852110852,0.07226630246422806,0.1083337230779525,0.4334953082005968,0.11326759408562989,5000,64.30801740900681,0.0886110320223416,0.27666087382731247,336
lyc0lh2d,cfg0,boot08,vn12,VN 12,0,336,66296,0.4450768691855607,0.07226630246422806,0.12226988969239996,0.43953878477865527,0.11461964309214256,5000,64.3297361237837,0.09069888576295226,0.31281068306656323,336
lyc0lh2d,cfg0,boot08,vn15,VN 15,0,336,66296,0.44544466411154054,0.07226630246422806,0.1355893403496664,0.43970676128125047,0.11525883598483747,5000,64.6279008655412,0.09467978480730148,0.34740408747640483,336
lyc0lh2d,cfg0,boot08,pooled512,Pooled embedding,0,512,66296,0.216746037127113,0.07226630246422806,0.37823523889556904,0.20461318816948257,0.15154806475001378,5000,120.119892173499,0.13178405022685605,0.1880389121975403,512
lyc0lh2d,cfg0,boot08,z,Head export (z),0,1024,66296,0.1684921225967136,0.07226630246422806,0.8249764761494447,0.19264060022622612,0.11587494124757101,5000,30.09927165594972,0.38251811318591344,0.0023975022275681624,1024
lyc0lh2d,cfg0,boot09,vn03,VN 3,0,336,66296,0.42002705527702594,0.07510969806213445,0.09151461372340312,0.41489442789778586,0.09905917114103557,5000,65.14601435743857,0.08051622164187047,0.10034678299625471,336
lyc0lh2d,cfg0,boot09,vn06,VN 6,0,336,66296,0.44548539939514803,0.07510969806213445,0.11458194020395393,0.4397756345372636,0.11157669776361342,5000,66.24026368568191,0.07931175840997012,0.22083617165296754,336
lyc0lh2d,cfg0,boot09,vn09,VN 9,0,336,66296,0.45692547278543744,0.07510969806213445,0.1300793952383058,0.4509870234455399,0.11370676412411812,5000,63.52507615298332,0.08947462600145889,0.24417445770415264,336
lyc0lh2d,cfg0,boot09,vn12,VN 12,0,336,66296,0.4626766688791214,0.07510969806213445,0.14137302386720157,0.4566445401787679,0.11605924826011678,5000,63.31569124146087,0.09494150543533304,0.24936530554397549,336
lyc0lh2d,cfg0,boot09,vn15,VN 15,0,336,66296,0.4633602212379701,0.07510969806213445,0.1471284675914861,0.4572859100253921,0.11744753273299662,5000,64.73178759388622,0.0961925806729406,0.2594452742414415,336
lyc0lh2d,cfg0,boot09,pooled512,Pooled embedding,0,512,66296,0.19869955894274854,0.07510969806213445,0.3310841786349306,0.184221811238542,0.15416376613879007,5000,130.96092934484122,0.12825949096072445,0.21020704040423438,512
lyc0lh2d,cfg0,boot09,z,Head export (z),0,1024,66296,0.1540353721721815,0.07510969806213445,0.8029106167539097,0.15723718561273112,0.12026323737745652,5000,37.4087821069795,0.34100711706426656,0.002009257919645595,1024
lyc0lh2d,cfg1,boot00,vn03,VN 3,0,336,66296,0.4329129917015881,0.07246193889577587,0.09117689828895753,0.4280892519804755,0.10420893256635026,5000,60.3382634199626,0.09388072115187966,0.07923580063371856,336
lyc0lh2d,cfg1,boot00,vn06,VN 6,0,336,66296,0.4432572245547014,0.07246193889577587,0.13210585766559257,0.43751916483194553,0.11587546090189653,5000,63.420911220890645,0.0964056266501496,0.16108231285406094,336
lyc0lh2d,cfg1,boot00,vn09,VN 9,0,336,66296,0.45327105161428655,0.07246193889577587,0.15017915842020904,0.4474635528110114,0.11847116784456194,5000,61.09488672695601,0.1078031691047084,0.21811886201967765,336
lyc0lh2d,cfg1,boot00,vn12,VN 12,0,336,66296,0.45919919383164504,0.07246193889577587,0.17665157240396692,0.4535311593957679,0.118468952272874,5000,59.93846637563777,0.12329047207379429,0.22973060956524774,336
lyc0lh2d,cfg1,boot00,vn15,VN 15,0,336,66296,0.4524266024063462,0.07246193889577587,0.1960111551046387,0.4468922186470761,0.11929365588811197,5000,59.83036162745724,0.1335023208769926,0.2424529248965172,336
lyc0lh2d,cfg1,boot00,pooled512,Pooled embedding,0,512,66296,0.17153769686433015,0.07246193889577587,0.4830071467657737,0.15593364978605306,0.15304736036907637,5000,82.59016212030967,0.21243566234140782,0.05623580740900351,512
lyc0lh2d,cfg1,boot00,z,Head export (z),0,1024,66296,0.13361557601131507,0.07246193889577587,0.8801398434758704,0.1471177656130553,0.11532940989587914,5000,18.184076775352807,0.48885319410039596,0.0022349645264619533,1024
lyc0lh2d,cfg1,boot01,vn03,VN 3,0,336,66296,0.44516642341468415,0.07062140678485594,0.09629961408064915,0.44041247371661624,0.10239456563266307,5000,61.39467805312574,0.09105766952081641,0.08577346709752283,336
lyc0lh2d,cfg1,boot01,vn06,VN 6,0,336,66296,0.4650294592361642,0.07062140678485594,0.12650798465556287,0.459789424587355,0.1150878077095936,5000,64.27024765291999,0.09098206103393394,0.20143326179411056,336
lyc0lh2d,cfg1,boot01,vn09,VN 9,0,336,66296,0.47543266279935437,0.07062140678485594,0.13881241267271346,0.4701815063550923,0.11796218344710364,5000,63.07497844628377,0.09245467810127153,0.21268957488809892,336
lyc0lh2d,cfg1,boot01,vn12,VN 12,0,336,66296,0.4836029035520128,0.07062140678485594,0.14670244545877167,0.4784187420302706,0.12007899100260642,5000,63.09045304969741,0.09333333958119086,0.22192668984344832,336
lyc0lh2d,cfg1,boot01,vn15,VN 15,0,336,66296,0.48264141272680966,0.07062140678485594,0.15926148027273337,0.4774885991568197,0.12019515570384942,5000,63.55406357591193,0.09789886122511042,0.2417856166387343,336
lyc0lh2d,cfg1,boot01,pooled512,Pooled embedding,0,512,66296,0.17072624628731337,0.07062140678485594,0.46907807505926874,0.1558039388623433,0.15605690304069061,5000,97.7740271237474,0.18677221896608606,0.11202284563068124,512
lyc0lh2d,cfg1,boot01,z,Head export (z),0,1024,66296,0.1671195403465308,0.07062140678485594,0.8454014851126933,0.2011042649677675,0.1263142076485823,5000,34.31294916074787,0.35761004467305285,3.6905876657321273e-06,1024
lyc0lh2d,cfg1,boot02,vn03,VN 3,0,336,66296,0.42844280417394776,0.06915386102412013,0.0844008547165322,0.42411946744780804,0.10371832651348274,5000,61.33299172501392,0.09236175325957796,0.06955295963369702,336
lyc0lh2d,cfg1,boot02,vn06,VN 6,0,336,66296,0.44102060608343513,0.06915386102412013,0.09995070817589202,0.4362934160228293,0.11756709514486603,5000,63.8663263193726,0.08611448278361425,0.17157414124272566,336
lyc0lh2d,cfg1,boot02,vn09,VN 9,0,336,66296,0.4524235666541302,0.06915386102412013,0.11025560495656103,0.4475274216521391,0.1194361749826212,5000,62.226593893050364,0.08460888407382967,0.1930955587793567,336
lyc0lh2d,cfg1,boot02,vn12,VN 12,0,336,66296,0.4575265069794673,0.06915386102412013,0.12526936996920582,0.45242752336147324,0.11951013572341208,5000,61.5455299553721,0.09094056861775379,0.21140245567277316,336
lyc0lh2d,cfg1,boot02,vn15,VN 15,0,336,66296,0.4549570567831671,0.06915386102412013,0.13715380514604192,0.4497223239776478,0.11924315202235707,5000,60.89198603668961,0.09884965809555092,0.22482925465607045,336
lyc0lh2d,cfg1,boot02,pooled512,Pooled embedding,0,512,66296,0.163183889295022,0.06915386102412013,0.44116755653439427,0.1478401938190145,0.14914513393710857,5000,90.79259236434046,0.18031719959719097,0.13161547300339843,512
lyc0lh2d,cfg1,boot02,z,Head export (z),0,1024,66296,0.14783213344494808,0.06915386102412013,0.8990078445373921,0.19560609280140034,0.11725673465400002,5000,17.249495285883796,0.5184518221828394,0.002983934265223061,1024
lyc0lh2d,cfg1,boot03,vn03,VN 3,0,336,66296,0.4116911786468618,0.07224036934730071,0.09619571253945117,0.40662772574276235,0.09964925992822528,5000,60.368764073213946,0.0915453142566386,0.1174884334043532,336
lyc0lh2d,cfg1,boot03,vn06,VN 6,0,336,66296,0.4268918564077721,0.07224036934730071,0.11514932283835513,0.4213763406947524,0.11176350413110363,5000,63.14097168514209,0.09231319439239667,0.15855371833279586,336
lyc0lh2d,cfg1,boot03,vn09,VN 9,0,336,66296,0.4415456060741563,0.07224036934730071,0.13674590647459464,0.4357604972496505,0.115064287166328,5000,61.6346520433892,0.09442103022801712,0.1830138711785571,336
lyc0lh2d,cfg1,boot03,vn12,VN 12,0,336,66296,0.4526179858942198,0.07224036934730071,0.15997062445785848,0.44681584372481603,0.11606845608142444,5000,61.24431557507338,0.1050002291408672,0.2202455733433444,336
lyc0lh2d,cfg1,boot03,vn15,VN 15,0,336,66296,0.45461706799579915,0.07224036934730071,0.17378481564937287,0.4488933062634793,0.11744432997441995,5000,61.91259908911264,0.11105605924272309,0.3155127645949972,336
lyc0lh2d,cfg1,boot03,pooled512,Pooled embedding,0,512,66296,0.13200546010142294,0.07224036934730071,0.401804413792668,0.11245614489366865,0.14941080552901626,5000,93.9322392315378,0.19162365091852143,0.1359092507029245,512
lyc0lh2d,cfg1,boot03,z,Head export (z),0,1024,66296,0.1428564944501734,0.07224036934730071,0.8510972374652134,0.15499364207502045,0.12403849930261951,5000,28.46543672710319,0.4018204713574006,0.00031657564107940336,1024
lyc0lh2d,cfg1,boot04,vn03,VN 3,0,336,66296,0.44049825587375163,0.07514819748469484,0.11596142440975983,0.43471668525998475,0.10307031173662008,5000,61.64355402570525,0.08803387998654805,0.09536594573334997,336
lyc0lh2d,cfg1,boot04,vn06,VN 6,0,336,66296,0.4658463724842382,0.07514819748469484,0.13541363683555052,0.45990640903753854,0.11680338339550217,5000,65.04865786510379,0.08683062741924995,0.17774662889299084,336
lyc0lh2d,cfg1,boot04,vn09,VN 9,0,336,66296,0.4757761704793974,0.07514819748469484,0.14799398336278097,0.4698283160654162,0.11868741890739816,5000,62.56316450556979,0.09483153270659138,0.1921719625513236,336
lyc0lh2d,cfg1,boot04,vn12,VN 12,0,336,66296,0.4839700217384375,0.07514819748469484,0.156554938775664,0.47810053757838267,0.12066827110291374,5000,62.42972259537494,0.10100217321334588,0.1991120627019925,336
lyc0lh2d,cfg1,boot04,vn15,VN 15,0,336,66296,0.48337744005898553,0.07514819748469484,0.1659007152307388,0.4775276586713666,0.12043582401965723,5000,62.14800013000345,0.10854544223052577,0.2290780716104292,336
lyc0lh2d,cfg1,boot04,pooled512,Pooled embedding,0,512,66296,0.16998930871534865,0.07514819748469484,0.4829042576791223,0.152682451348564,0.15672038463886195,5000,97.0347255147535,0.1909382065794128,0.16862453945382613,512
lyc0lh2d,cfg1,boot04,z,Head export (z),0,1024,66296,0.15231991855597213,0.07514819748469484,0.8710385160293144,0.17683294119495785,0.1268768567467425,5000,28.32432660107923,0.40159562701345575,0.00016235067909880092,1024
lyc0lh2d,cfg1,boot05,vn03,VN 3,0,336,66296,0.43720977161075447,0.06946782994933733,0.09877025364673994,0.43246304666810576,0.10420423064924896,5000,62.41050047047783,0.08960677607754912,0.10060094557716365,336
lyc0lh2d,cfg1,boot05,vn06,VN 6,0,336,66296,0.4497793634834281,0.06946782994933733,0.12317360889192736,0.44460839172507227,0.11536707959767231,5000,65.81560937310931,0.09157517074980347,0.20740468634723605,336
lyc0lh2d,cfg1,boot05,vn09,VN 9,0,336,66296,0.4634951993871536,0.06946782994933733,0.13844458244923663,0.4582910136836826,0.11771369774093642,5000,63.2161466157482,0.09437383951929978,0.25734970785127287,336
lyc0lh2d,cfg1,boot05,vn12,VN 12,0,336,66296,0.47528065769595584,0.06946782994933733,0.14698859123754646,0.4701766498298263,0.11952236724798145,5000,63.0963078756817,0.09253976960225904,0.27186902292544707,336
lyc0lh2d,cfg1,boot05,vn15,VN 15,0,336,66296,0.4756391648142509,0.06946782994933733,0.15604815135104752,0.47056350042336303,0.12021001338389727,5000,64.1552718931387,0.09336183029745805,0.29475859134382626,336
lyc0lh2d,cfg1,boot05,pooled512,Pooled embedding,0,512,66296,0.14623825856362907,0.06946782994933733,0.49760820143094775,0.12874135395773154,0.14621366650103942,5000,92.23933151556315,0.19265054996434464,0.07860172615577905,512
lyc0lh2d,cfg1,boot05,z,Head export (z),0,1024,66296,0.1355334965468423,0.06946782994933733,0.901336794444483,0.16835927756274383,0.11483764128212874,5000,17.41896463292278,0.5090168354473279,0.0010245556416254263,1024
lyc0lh2d,cfg1,boot06,vn03,VN 3,0,336,66296,0.4318248722442533,0.0725886174767707,0.08543856707623909,0.4271850323058767,0.10328220691686779,5000,61.96027176555366,0.08692258094962885,0.07273360559163125,336
lyc0lh2d,cfg1,boot06,vn06,VN 6,0,336,66296,0.446146403023039,0.0725886174767707,0.0976470725995043,0.4411666256992775,0.11391942424115462,5000,64.52141132765222,0.0854205458141219,0.25239933190087366,336
lyc0lh2d,cfg1,boot06,vn09,VN 9,0,336,66296,0.45906103040153595,0.0725886174767707,0.11607785485261413,0.4537020719571955,0.11724264154069575,5000,62.8746641957709,0.09206568614393192,0.25656529588869015,336
lyc0lh2d,cfg1,boot06,vn12,VN 12,0,336,66296,0.4628741957941926,0.0725886174767707,0.13186238764744607,0.457295577854892,0.11945945565746335,5000,62.67151650323533,0.09869253230414135,0.29085116049270243,336
lyc0lh2d,cfg1,boot06,vn15,VN 15,0,336,66296,0.45880227590374084,0.0725886174767707,0.15031168619346,0.4530384833543197,0.12011985554590283,5000,62.721826600476305,0.10493987362474957,0.3078684005776416,336
lyc0lh2d,cfg1,boot06,pooled512,Pooled embedding,0,512,66296,0.17990440088218365,0.0725886174767707,0.47050251935482623,0.16517621974858115,0.15291959557542403,5000,97.66093792633006,0.17986886813870728,0.15121285112831712,512
lyc0lh2d,cfg1,boot06,z,Head export (z),0,1024,66296,0.15861538651015258,0.0725886174767707,0.8705221193721068,0.19390308807915482,0.12196041824411713,5000,27.053598481412077,0.4107373173442722,0.001490486113403048,1024
lyc0lh2d,cfg1,boot07,vn03,VN 3,0,336,66296,0.430087015164924,0.07071383184943257,0.08300759599680908,0.42568630982742023,0.10358913936309969,5000,62.16895033774999,0.08923920832687479,0.08117315257644656,336
lyc0lh2d,cfg1,boot07,vn06,VN 6,0,336,66296,0.44166650193218143,0.07071383184943257,0.10183461345805496,0.4367358260759818,0.1139128805552048,5000,64.42055527508474,0.0875286403682564,0.19925482222046342,336
lyc0lh2d,cfg1,boot07,vn09,VN 9,0,336,66296,0.4529486799677902,0.07071383184943257,0.11557744340972162,0.44777654308823706,0.11632719076065591,5000,62.94831745854704,0.09039415906001992,0.235502926798197,336
lyc0lh2d,cfg1,boot07,vn12,VN 12,0,336,66296,0.45658587779687637,0.07071383184943257,0.13281928549120817,0.4511911483403855,0.1182383960737694,5000,62.47807920177711,0.10753883485884198,0.27277038545297433,336
lyc0lh2d,cfg1,boot07,vn15,VN 15,0,336,66296,0.4506504753889357,0.07071383184943257,0.15060319066843492,0.4450771658013715,0.11787006779575504,5000,62.11468544263249,0.11891914860793944,0.2902131498207135,336
lyc0lh2d,cfg1,boot07,pooled512,Pooled embedding,0,512,66296,0.1922809353140448,0.07071383184943257,0.45519288650804696,0.17979985036478305,0.15063179443124666,5000,101.19314064668285,0.16355963049268143,0.051867892223939525,512
lyc0lh2d,cfg1,boot07,z,Head export (z),0,1024,66296,0.1575651743723729,0.07071383184943257,0.8927911905736169,0.20963068029285,0.12210004745421493,5000,24.55316113997615,0.44450655807340295,0.0003089021260095136,1024
lyc0lh2d,cfg1,boot08,vn03,VN 3,0,336,66296,0.43138788783031495,0.07342199333842181,0.08913792505623601,0.42654113935634136,0.10420052296721012,5000,62.3601433748697,0.0941123749037399,0.10641098418642123,336
lyc0lh2d,cfg1,boot08,vn06,VN 6,0,336,66296,0.4437802307114882,0.07342199333842181,0.12048556778618402,0.43812565093746947,0.11370616792883659,5000,65.44339759578743,0.09126184571738724,0.17722316350474512,336
lyc0lh2d,cfg1,boot08,vn09,VN 9,0,336,66296,0.4546912835681181,0.07342199333842181,0.1339753956155347,0.4489015436827759,0.11547138160454815,5000,63.67024986786554,0.09685065365118589,0.19857071868467996,336
lyc0lh2d,cfg1,boot08,vn12,VN 12,0,336,66296,0.46232034832608493,0.07342199333842181,0.14559703434811613,0.4564947426020461,0.1162943335401173,5000,63.40737956242822,0.10502552113168037,0.20258962106730843,336
lyc0lh2d,cfg1,boot08,vn15,VN 15,0,336,66296,0.4676410788943447,0.07342199333842181,0.15241024635945152,0.46184642066082643,0.11758583720390234,5000,63.61852938405338,0.10789826761492254,0.21927840738020832,336
lyc0lh2d,cfg1,boot08,pooled512,Pooled embedding,0,512,66296,0.1236175805227985,0.07342199333842181,0.40221477221636187,0.10276516702095158,0.1410833624607681,5000,74.54767672535178,0.20931402119312947,0.0902972303986175,512
lyc0lh2d,cfg1,boot08,z,Head export (z),0,1024,66296,0.12105353161812946,0.07342199333842181,0.9009069295882417,0.1265105735546978,0.1057862462644568,5000,11.193706465262661,0.5832635301683198,0.002354443003231765,1024
lyc0lh2d,cfg1,boot09,vn03,VN 3,0,336,66296,0.44651752274987894,0.07318256874021237,0.08582959173511641,0.4418668557188921,0.10265939335856177,5000,59.993468389567454,0.09319644186399018,0.08136379958226038,336
lyc0lh2d,cfg1,boot09,vn06,VN 6,0,336,66296,0.45066996686712946,0.07318256874021237,0.11061711263589372,0.4453075318114785,0.11367285716705793,5000,63.10801679070319,0.09735246248089997,0.17717589437417844,336
lyc0lh2d,cfg1,boot09,vn09,VN 9,0,336,66296,0.455897328813957,0.07318256874021237,0.12913033822705247,0.4502166192652756,0.11620104696226197,5000,61.06694511107521,0.10479892830208618,0.2319714406277672,336
lyc0lh2d,cfg1,boot09,vn12,VN 12,0,336,66296,0.45633209329243424,0.07318256874021237,0.15026463876697377,0.4504498338751733,0.11814674118408623,5000,60.26854178794791,0.11668107630179025,0.25827774287793803,336
lyc0lh2d,cfg1,boot09,vn15,VN 15,0,336,66296,0.451279494029377,0.07318256874021237,0.16460407959324802,0.4453074632018504,0.11882317387062266,5000,60.122818860616576,0.1226772087365417,0.2810870570678417,336
lyc0lh2d,cfg1,boot09,pooled512,Pooled embedding,0,512,66296,0.19878644687641456,0.07318256874021237,0.44183763513330676,0.18554515077367598,0.14652697667010392,5000,90.76876394292572,0.1736089027170263,0.08922269868622644,512
lyc0lh2d,cfg1,boot09,z,Head export (z),0,1024,66296,0.16332080148999217,0.07318256874021237,0.8656240143096009,0.19966705427458292,0.11716500416516196,5000,24.79180762277699,0.40729964369893923,0.0011875758669650362,1024
lyc0lh2d,cfg2,boot00,vn03,VN 3,0,336,66296,0.4237898371459383,0.07130875721690323,0.09305574754480174,0.418972109303469,0.10386474978537615,5000,61.025834010057416,0.08928779217337436,0.07139840166743965,336
lyc0lh2d,cfg2,boot00,vn06,VN 6,0,336,66296,0.4484799280903653,0.07130875721690323,0.13324007819780964,0.4429279819878964,0.11874946153521787,5000,65.24973531220873,0.09686008379492542,0.16909489990375876,336
lyc0lh2d,cfg2,boot00,vn09,VN 9,0,336,66296,0.46251617762011416,0.07130875721690323,0.15187004861799702,0.45698735186880846,0.1211565582795528,5000,62.81063539502035,0.10483695135536389,0.18850974257274747,336
lyc0lh2d,cfg2,boot00,vn12,VN 12,0,336,66296,0.46297319947741644,0.07130875721690323,0.16953160974468787,0.45750663387866825,0.12169574560568436,5000,61.73956313972634,0.11793265688604405,0.1999360784398665,336
lyc0lh2d,cfg2,boot00,vn15,VN 15,0,336,66296,0.46010581479074664,0.07130875721690323,0.17875829751719263,0.4546823430212252,0.1223540286063107,5000,62.4962040084263,0.12469436730106817,0.21481072148876468,336
lyc0lh2d,cfg2,boot00,pooled512,Pooled embedding,0,512,66296,0.18635073089256227,0.07130875721690323,0.4172656692905636,0.1723137065985846,0.1550587366744259,5000,109.98627521284975,0.1693996095464285,0.11616802116194504,512
lyc0lh2d,cfg2,boot00,z,Head export (z),0,1024,66296,0.16997955272053192,0.07130875721690323,0.840660185026991,0.2031769623257184,0.12474379980910202,5000,35.61053038709246,0.3719917658624968,0.0003501212901052406,1024
lyc0lh2d,cfg2,boot01,vn03,VN 3,0,336,66296,0.4470205976933347,0.07014690180229567,0.0866172506599209,0.4426081362762399,0.10598090097319382,5000,64.58889726951816,0.0815550672900058,0.11262960885507581,336
lyc0lh2d,cfg2,boot01,vn06,VN 6,0,336,66296,0.4636066519503043,0.07014690180229567,0.11981149359179587,0.4585050148741911,0.11886689111770365,5000,68.25922089001976,0.08586473785714427,0.20791092762970886,336
lyc0lh2d,cfg2,boot01,vn09,VN 9,0,336,66296,0.472283099486872,0.07014690180229567,0.13415009914363873,0.4670949457035714,0.12132392823917598,5000,66.88556660659917,0.08528376751266169,0.2252574659099884,336
lyc0lh2d,cfg2,boot01,vn12,VN 12,0,336,66296,0.4754234331086292,0.07014690180229567,0.13850845441421927,0.4702400195399949,0.12250984043741996,5000,67.06768402608377,0.08395046876231901,0.231900214126249,336
lyc0lh2d,cfg2,boot01,vn15,VN 15,0,336,66296,0.4729898514235297,0.07014690180229567,0.141515977094715,0.46777060059903713,0.1234026596318651,5000,68.06634733512641,0.08362006417127907,0.25635749559043347,336
lyc0lh2d,cfg2,boot01,pooled512,Pooled embedding,0,512,66296,0.15147827240839584,0.07014690180229567,0.4025546921856978,0.13463060418729067,0.15529521647558578,5000,102.83143090945873,0.18404930548450116,0.09471434327712347,512
lyc0lh2d,cfg2,boot01,z,Head export (z),0,1024,66296,0.16170916138415542,0.07014690180229567,0.8342326023195819,0.1871381073247485,0.12463265319507566,5000,31.538629043048992,0.3824644698578294,0.0006025993355834962,1024
lyc0lh2d,cfg2,boot02,vn03,VN 3,0,336,66296,0.4045782926377245,0.07158549485860244,0.07755868504537392,0.4002317986234977,0.10440876240201832,5000,62.82912528981509,0.08709201051624217,0.10137032459305889,336
lyc0lh2d,cfg2,boot02,vn06,VN 6,0,336,66296,0.43384657364016443,0.07158549485860244,0.11127519465812745,0.4285422894346467,0.11660000121184075,5000,66.06895685840851,0.08950734867284602,0.11373253651492206,336
lyc0lh2d,cfg2,boot02,vn09,VN 9,0,336,66296,0.451642280049668,0.07158549485860244,0.12385502984683446,0.44621174261414154,0.11918123209280265,5000,63.322226382601414,0.09831016672968375,0.14036546447451498,336
lyc0lh2d,cfg2,boot02,vn12,VN 12,0,336,66296,0.4565818455841938,0.07158549485860244,0.13938662019897216,0.4510064940656222,0.1205792099231005,5000,63.23663683682512,0.10328985206609029,0.14959843094745884,336
lyc0lh2d,cfg2,boot02,vn15,VN 15,0,336,66296,0.45707595756500935,0.07158549485860244,0.14983569764143545,0.45144631302338967,0.12109109967202994,5000,63.786245542848015,0.1075832482439389,0.15611160708877975,336
lyc0lh2d,cfg2,boot02,pooled512,Pooled embedding,0,512,66296,0.15770116929406655,0.07158549485860244,0.33257224503311805,0.14197537381657455,0.15410646951325038,5000,105.22800304670274,0.15746902524618098,0.15910185300946428,512
lyc0lh2d,cfg2,boot02,z,Head export (z),0,1024,66296,0.1611646257512808,0.07158549485860244,0.7977541824316651,0.17257042287003058,0.12967739529818276,5000,39.74223667545247,0.3367342001955544,0.00019840684184983757,1024
lyc0lh2d,cfg2,boot03,vn03,VN 3,0,336,66296,0.42119088729623844,0.07194764729784245,0.0960168448489929,0.4162056925367282,0.10101561069853345,5000,63.21941454845282,0.082132300332301,0.127988814772524,336
lyc0lh2d,cfg2,boot03,vn06,VN 6,0,336,66296,0.44280594678200597,0.07194764729784245,0.12235654665531354,0.43728837447528734,0.11519596556730101,5000,65.5298399916351,0.09405009300519274,0.19497707056512828,336
lyc0lh2d,cfg2,boot03,vn09,VN 9,0,336,66296,0.4551262177069407,0.07194764729784245,0.13987773979357174,0.4494812917442692,0.1176794438095248,5000,63.967272510243816,0.09333170046596553,0.2101578918879327,336
lyc0lh2d,cfg2,boot03,vn12,VN 12,0,336,66296,0.4635926185670558,0.07194764729784245,0.16321870410573852,0.45799111796737657,0.11977585094524561,5000,64.05092698161633,0.09789535675612185,0.21993619579733306,336
lyc0lh2d,cfg2,boot03,vn15,VN 15,0,336,66296,0.46577463321582774,0.07194764729784245,0.17820571765333734,0.4603213992139781,0.12149173413944186,5000,64.94564797676742,0.10303455763477062,0.23508721231068277,336
lyc0lh2d,cfg2,boot03,pooled512,Pooled embedding,0,512,66296,0.15130693430186773,0.07194764729784245,0.37258050401585185,0.1341601943716976,0.15225370754139853,5000,107.79151144136593,0.1702644754706996,0.1181529180097789,512
lyc0lh2d,cfg2,boot03,z,Head export (z),0,1024,66296,0.15911081326558993,0.07194764729784245,0.8211450127975715,0.17527234137853887,0.12884586393251465,5000,41.03080296635584,0.33982356444657835,0.0002948596578424308,1024
lyc0lh2d,cfg2,boot04,vn03,VN 3,0,336,66296,0.43807537640734046,0.07063057152462611,0.10423312002294016,0.43307232291188197,0.10420766696970074,5000,64.31302745372031,0.08053347264177632,0.10343696245659117,336
lyc0lh2d,cfg2,boot04,vn06,VN 6,0,336,66296,0.469623313860624,0.07063057152462611,0.12055623268695176,0.4644961610853165,0.11911401149890215,5000,68.65545943961736,0.08031743709876879,0.25689135052566386,336
lyc0lh2d,cfg2,boot04,vn09,VN 9,0,336,66296,0.47923939454814996,0.07063057152462611,0.13530802445988158,0.47404199972900984,0.12110797674631983,5000,66.09513774129383,0.09060623777169019,0.2762692739845064,336
lyc0lh2d,cfg2,boot04,vn12,VN 12,0,336,66296,0.48573878137268006,0.07063057152462611,0.14501330308298577,0.48057624134579024,0.12184845988960041,5000,65.68175386709612,0.09636130433745213,0.28924375553818155,336
lyc0lh2d,cfg2,boot04,vn15,VN 15,0,336,66296,0.4834154922934416,0.07063057152462611,0.15526736993595552,0.47824883986958855,0.12164842506167838,5000,65.71685805752627,0.101740726045198,0.3162514082091483,336
lyc0lh2d,cfg2,boot04,pooled512,Pooled embedding,0,512,66296,0.1684247045837603,0.07063057152462611,0.40584829825721874,0.1529195980622171,0.15430290166813976,5000,107.7259913942083,0.17003933100281976,0.16569091795244037,512
lyc0lh2d,cfg2,boot04,z,Head export (z),0,1024,66296,0.1547993008970875,0.07063057152462611,0.8229758527013827,0.1701743878354816,0.12411596848263143,5000,37.255839904719764,0.3449411069883237,8.771579452148168e-05,1024
lyc0lh2d,cfg2,boot05,vn03,VN 3,0,336,66296,0.4227259501758031,0.071421017890762,0.09403169310660553,0.4178615701588085,0.10268350856101024,5000,61.32264947171103,0.0921571549437979,0.1055950606296481,336
lyc0lh2d,cfg2,boot05,vn06,VN 6,0,336,66296,0.4451579004503729,0.071421017890762,0.11540022531881693,0.439854533324525,0.1145200768005455,5000,65.1908581260306,0.09803756973788876,0.1990710398289673,336
lyc0lh2d,cfg2,boot05,vn09,VN 9,0,336,66296,0.45731401214198664,0.071421017890762,0.13182282178280597,0.45184218588446995,0.1168558999484595,5000,63.222690861016325,0.10174584058814573,0.21702272114665452,336
lyc0lh2d,cfg2,boot05,vn12,VN 12,0,336,66296,0.46626559014021723,0.071421017890762,0.1425777395327751,0.4607901562969875,0.11846154670739889,5000,63.84102750132765,0.10152087338864801,0.22952372697332651,336
lyc0lh2d,cfg2,boot05,vn15,VN 15,0,336,66296,0.4682711802365914,0.071421017890762,0.14725476365098544,0.462799256329962,0.11906444664082397,5000,65.11683107479517,0.10207963227586998,0.24052476043853036,336
lyc0lh2d,cfg2,boot05,pooled512,Pooled embedding,0,512,66296,0.12312237952002517,0.071421017890762,0.4039571707036343,0.10305380936935202,0.1446612993193919,5000,90.1384488772286,0.2041088083148442,0.11048978369664968,512
lyc0lh2d,cfg2,boot05,z,Head export (z),0,1024,66296,0.13603720902997807,0.071421017890762,0.8721714907785069,0.15074774072080163,0.11810381415477036,5000,22.686656247587404,0.45607278694274206,0.00015898086841447087,1024
lyc0lh2d,cfg2,boot06,vn03,VN 3,0,336,66296,0.44288256815514293,0.07370577747275443,0.09244102553113001,0.43794433749840156,0.10352411350965926,5000,62.414162509763976,0.08789900284923217,0.08579599986901909,336
lyc0lh2d,cfg2,boot06,vn06,VN 6,0,336,66296,0.45836108383524554,0.07370577747275443,0.11253514811487282,0.4529438079800301,0.11544672466899283,5000,65.58288710267294,0.09359943223004072,0.1666368553487986,336
lyc0lh2d,cfg2,boot06,vn09,VN 9,0,336,66296,0.47037073912801086,0.07370577747275443,0.1265637528228942,0.46477979760697435,0.11899740571861628,5000,63.8903545663735,0.0987605668422399,0.19081558385169686,336
lyc0lh2d,cfg2,boot06,vn12,VN 12,0,336,66296,0.47594602413553055,0.07370577747275443,0.14263385595722458,0.4702410543973944,0.12047869901123236,5000,63.88417983152423,0.10340408903849835,0.19385233605765534,336
lyc0lh2d,cfg2,boot06,vn15,VN 15,0,336,66296,0.47031077403521293,0.07370577747275443,0.1576436817091339,0.4644995987650547,0.12110242540349514,5000,64.29215280929624,0.10965953131522149,0.22209392394421348,336
lyc0lh2d,cfg2,boot06,pooled512,Pooled embedding,0,512,66296,0.15859391591280966,0.07370577747275443,0.4282241182631157,0.1405722927517213,0.15047175382362235,5000,96.7443632214555,0.1782801278369636,0.1429253038777859,512
lyc0lh2d,cfg2,boot06,z,Head export (z),0,1024,66296,0.14575209918592238,0.07370577747275443,0.8487031669378998,0.15731248341214338,0.11640454599087031,5000,24.17491961368871,0.4222614474410547,0.0031712809048434596,1024
lyc0lh2d,cfg2,boot07,vn03,VN 3,0,336,66296,0.43106130501057854,0.068559654211887,0.0845131390748234,0.42679402669875355,0.10233619213010683,5000,61.16447426698104,0.09455807270721649,0.08054881959529128,336
lyc0lh2d,cfg2,boot07,vn06,VN 6,0,336,66296,0.4364588099076282,0.068559654211887,0.10717879720153714,0.43159676850297046,0.11285664078785851,5000,64.01897895234188,0.09057093784403879,0.18879382662224778,336
lyc0lh2d,cfg2,boot07,vn09,VN 9,0,336,66296,0.4466389927108641,0.068559654211887,0.12317553611500903,0.4415566189000372,0.1153332219909918,5000,62.33594135747064,0.09728281803559642,0.2289786230316368,336
lyc0lh2d,cfg2,boot07,vn12,VN 12,0,336,66296,0.4499700690762014,0.068559654211887,0.13165469950504338,0.444815705737031,0.11644538999259418,5000,63.00099813109501,0.10536907678264584,0.2338207497091373,336
lyc0lh2d,cfg2,boot07,vn15,VN 15,0,336,66296,0.44903897075143734,0.068559654211887,0.13871398025976325,0.4438194189333748,0.11693757361954359,5000,63.622201800980974,0.11126791824647521,0.2593485536155528,336
lyc0lh2d,cfg2,boot07,pooled512,Pooled embedding,0,512,66296,0.1798871943995975,0.068559654211887,0.38782976826375143,0.16631502735932407,0.15566873940489928,5000,109.6026118573728,0.16503953140689545,0.148565664155388,512
lyc0lh2d,cfg2,boot07,z,Head export (z),0,1024,66296,0.17233628994484135,0.068559654211887,0.8482700202489929,0.21560982686325492,0.13063210083072294,5000,37.9325808447121,0.35215445086092745,0.0005079458503436107,1024
lyc0lh2d,cfg2,boot08,vn03,VN 3,0,336,66296,0.43329291829583855,0.074970022591338,0.09854802760892,0.42798808983842224,0.10660823815732205,5000,64.44205738261817,0.09348253577482149,0.08979639678115921,336
lyc0lh2d,cfg2,boot08,vn06,VN 6,0,336,66296,0.446101549165394,0.074970022591338,0.12317672443869554,0.44021936732873,0.11821734501943651,5000,67.4757113406238,0.09325159268793594,0.1483642360262452,336
lyc0lh2d,cfg2,boot08,vn09,VN 9,0,336,66296,0.46188730399006867,0.074970022591338,0.1357975323751572,0.45593001752965684,0.12071348474275724,5000,65.04132046768795,0.09927349973205465,0.16177668396022776,336
lyc0lh2d,cfg2,boot08,vn12,VN 12,0,336,66296,0.4697995468489391,0.074970022591338,0.14486450320353295,0.4638317801651863,0.12160902418752871,5000,65.51743027533341,0.10167838944660275,0.1705844893629379,336
lyc0lh2d,cfg2,boot08,vn15,VN 15,0,336,66296,0.4740554914668282,0.074970022591338,0.15315610875828675,0.46809596755010435,0.12283516949415507,5000,66.28689121095326,0.1063055335370971,0.1920498985499514,336
lyc0lh2d,cfg2,boot08,pooled512,Pooled embedding,0,512,66296,0.12855883251236222,0.074970022591338,0.43477604778586104,0.10656251859936097,0.14851982627587096,5000,92.64665208271727,0.1901837381154333,0.13035561505974355,512
lyc0lh2d,cfg2,boot08,z,Head export (z),0,1024,66296,0.13123480930542666,0.074970022591338,0.8641667519744125,0.13204983229635697,0.11642818366129058,5000,20.9442946944858,0.4772009439522206,0.0013079109387419095,1024
lyc0lh2d,cfg2,boot09,vn03,VN 3,0,336,66296,0.4464582461556616,0.07224018057196004,0.0888793068358831,0.441785999874725,0.1053954500268011,5000,60.76022002784468,0.0899178858589256,0.08231721148941155,336
lyc0lh2d,cfg2,boot09,vn06,VN 6,0,336,66296,0.45912581539969316,0.07224018057196004,0.10324890073394229,0.4540939784213037,0.11755989180491137,5000,65.49229694550638,0.0876024702265299,0.1644374059154492,336
lyc0lh2d,cfg2,boot09,vn09,VN 9,0,336,66296,0.47284366521131055,0.07224018057196004,0.12171173270677908,0.46752702146517217,0.12142333291572235,5000,64.22966587934062,0.09227288006813816,0.21379861101112874,336
lyc0lh2d,cfg2,boot09,vn12,VN 12,0,336,66296,0.4775971634921304,0.07224018057196004,0.13750513615568458,0.47214868257229187,0.12341489178062877,5000,64.38081236122949,0.09391647770652842,0.23555405943690938,336
lyc0lh2d,cfg2,boot09,vn15,VN 15,0,336,66296,0.47711393719374556,0.07224018057196004,0.14876750374204278,0.4716149826111966,0.12439536549322525,5000,64.83831208067909,0.09725801733265146,0.2615177523978666,336
lyc0lh2d,cfg2,boot09,pooled512,Pooled embedding,0,512,66296,0.17193535635808685,0.07224018057196004,0.37914088750946506,0.15620886693837147,0.15549264876824154,5000,110.91075580281529,0.15370871823139737,0.15246360703458067,512
lyc0lh2d,cfg2,boot09,z,Head export (z),0,1024,66296,0.1694370523299092,0.07224018057196004,0.8103017828650647,0.18924621128182825,0.1315212544169798,5000,43.151320625192234,0.3197580595620646,0.0006718107190325236,1024
lyc0lh2d,pretrained,frozen,vn03,VN 3,0,336,66296,0.46450873477389737,,,,0.10286931349181509,5000,54.878533790415176,0.09229900645367563,0.07779213928232073,336
lyc0lh2d,pretrained,frozen,vn06,VN 6,0,336,66296,0.4836874445991052,,,,0.1177748579702137,5000,61.93131403632834,0.08866166418211276,0.1314278619806194,336
lyc0lh2d,pretrained,frozen,vn09,VN 9,0,336,66296,0.49621290617132763,,,,0.12170293862122886,5000,61.815291774272424,0.09020353316292369,0.14248048715578177,336
lyc0lh2d,pretrained,frozen,vn12,VN 12,0,336,66296,0.49404938912036495,,,,0.12119881006995264,5000,62.26964919439934,0.09495026530083814,0.1537802413849549,336
lyc0lh2d,pretrained,frozen,vn15,VN 15,0,336,66296,0.4853533826779859,,,,0.11956287934994475,5000,63.378349768525744,0.10939187313797104,0.17913825991748436,336
lyc0lh2d,pretrained,frozen,pooled512,Pooled embedding,0,512,66296,0.3804473896340569,,,,0.15285621241789865,5000,148.17245892703286,0.07949299063353511,0.0,512
