sweep_id,config,bootstrap,embedding,embedding_label,n_rows,input_dim,pprop_edge,n_positive,positive_rate,n_components,pca_explained_variance,pearson,spearman,r2,average_precision,auc,pearson_oob,spearman_oob,r2_oob,average_precision_oob,auc_oob
lyc0lh2d,cfg0,boot00,vn03,VN 3,66296,336,3.5,643,0.009698926028719681,32,0.7552046775817871,0.9783213468721402,0.9804354226372058,0.9243649082992769,1.0000000000000002,1.0,0.675618021363457,0.6915266103792231,0.44986367850018005,0.03569116458342046,0.6684811059152865
lyc0lh2d,cfg0,boot00,vn06,VN 6,66296,336,3.5,643,0.009698926028719681,32,0.7580028772354126,0.9783795778851204,0.9804426778344342,0.9274576768026628,1.0,1.0,0.6920156621235338,0.7055883081049513,0.47269355466483454,0.05880426003452924,0.6982249552343855
lyc0lh2d,cfg0,boot00,vn09,VN 9,66296,336,3.5,643,0.009698926028719681,32,0.766046404838562,0.9777603105101228,0.9797142440852569,0.9295962987178843,1.0,1.0,0.7017928915490774,0.7140203203734601,0.48842369057162094,0.04620684631899302,0.6973191608579524
lyc0lh2d,cfg0,boot00,vn12,VN 12,66296,336,3.5,643,0.009698926028719681,32,0.7656476497650146,0.9772537451156611,0.97938408164159,0.9312144264873616,0.9999999999999999,1.0,0.7088532105628407,0.7198709719080437,0.49995293540849317,0.055590782170890564,0.6889577013829649
lyc0lh2d,cfg0,boot00,vn15,VN 15,66296,336,3.5,643,0.009698926028719681,32,0.7635132074356079,0.9779666802006035,0.9800539805749371,0.9326451063408527,0.9999999999999999,1.0,0.7165486248918019,0.7294042875362967,0.5098972322290032,0.054687256262433585,0.6936187238627405
lyc0lh2d,cfg0,boot00,pooled512,Pooled embedding,66296,512,3.5,643,0.009698926028719681,32,0.587108314037323,0.9839972530147043,0.9885698661263257,0.9636742071380214,1.0,1.0,0.858083569107365,0.8590898673528884,0.7362020530670468,0.2291691886597525,0.832010959927186
lyc0lh2d,cfg0,boot01,vn03,VN 3,66296,336,3.5,643,0.009698926028719681,32,0.7612775564193726,0.9778533744825348,0.9802972701428722,0.9257757001069558,1.0,1.0,0.6816166268807489,0.697161683647655,0.4596153214268396,0.04022085581380329,0.6710282765467598
lyc0lh2d,cfg0,boot01,vn06,VN 6,66296,336,3.5,643,0.009698926028719681,32,0.7561817169189453,0.9781714976916,0.9802640869694372,0.9278298340237422,0.9999999999999999,1.0,0.6928196485658928,0.7075667591182594,0.47457488080097976,0.059469625082683025,0.7046819440131523
lyc0lh2d,cfg0,boot01,vn09,VN 9,66296,336,3.5,643,0.009698926028719681,32,0.763811469078064,0.9778903331675664,0.9800218624043172,0.9298086496746696,0.9999999999999999,1.0,0.702174268094167,0.7162139725916444,0.488901840537302,0.05212804830390996,0.6915288682930963
lyc0lh2d,cfg0,boot01,vn12,VN 12,66296,336,3.5,643,0.009698926028719681,32,0.7644385695457458,0.9779064912155007,0.9800868426790127,0.9321312646688755,0.9999999999999999,1.0,0.714186588834438,0.7276048915821881,0.506403945223959,0.058579617289013675,0.7024642069920416
lyc0lh2d,cfg0,boot01,vn15,VN 15,66296,336,3.5,643,0.009698926028719681,32,0.760372519493103,0.9782212632805656,0.9804202682415445,0.9334759231888505,0.9999999999999999,1.0,0.7211343434891117,0.7338637300765645,0.5161213670067402,0.06123886374403208,0.6964814941196444
lyc0lh2d,cfg0,boot01,pooled512,Pooled embedding,66296,512,3.5,643,0.009698926028719681,32,0.5880439877510071,0.9837205777863187,0.9886308770952786,0.9626702495730834,1.0,1.0,0.853549430866192,0.8549647796317188,0.7283971340662567,0.2097082395356394,0.8256295132339476
lyc0lh2d,cfg0,boot02,vn03,VN 3,66296,336,3.5,643,0.009698926028719681,32,0.7600640058517456,0.9784774689526674,0.9805163996568237,0.9248640203603751,0.9999999999999999,1.0,0.678179992816448,0.694641437949142,0.45301529651955885,0.0434602415447792,0.6814541977012417
lyc0lh2d,cfg0,boot02,vn06,VN 6,66296,336,3.5,643,0.009698926028719681,32,0.7581387758255005,0.9786278339219286,0.9807967989711117,0.9273484593480953,1.0,1.0,0.6915207536656719,0.7062913473578921,0.4713320215028183,0.046352414061023875,0.6734142244017803
lyc0lh2d,cfg0,boot02,vn09,VN 9,66296,336,3.5,643,0.009698926028719681,32,0.7650302648544312,0.9785840190434573,0.980907716320554,0.9289031746755191,0.9999999999999999,1.0,0.6992811332767023,0.7157438108073608,0.4826407110722525,0.04584538792248858,0.6796747184801832
lyc0lh2d,cfg0,boot02,vn12,VN 12,66296,336,3.5,643,0.009698926028719681,32,0.7666773200035095,0.9786956583944362,0.981156943294648,0.9303047413902624,1.0,1.0,0.7066277798744406,0.7232106540515439,0.4929927365268919,0.0497658277423591,0.6799752167950073
lyc0lh2d,cfg0,boot02,vn15,VN 15,66296,336,3.5,643,0.009698926028719681,32,0.7641345262527466,0.9781180732299216,0.9808099840288036,0.9320877534031028,0.9999999999999999,1.0,0.7141902972297084,0.728586250602978,0.5059009145268174,0.03969245378137781,0.6625443839362894
lyc0lh2d,cfg0,boot02,pooled512,Pooled embedding,66296,512,3.5,643,0.009698926028719681,32,0.584801435470581,0.9837870511158114,0.9885429799742694,0.9631050351775361,1.0,1.0,0.8556611229109713,0.856864843242836,0.7320538827161216,0.2353468216892149,0.8177620502003571
lyc0lh2d,cfg0,boot03,vn03,VN 3,66296,336,3.5,643,0.009698926028719681,32,0.7654018998146057,0.9788372225458999,0.981049339648705,0.9244873175926284,0.9999999999999999,1.0,0.6767139532744202,0.6919966933834234,0.44993925946485347,0.046362701997040026,0.6856448054724971
lyc0lh2d,cfg0,boot03,vn06,VN 6,66296,336,3.5,643,0.009698926028719681,32,0.7555649280548096,0.9783263325947206,0.9804984641160369,0.9262766826994874,0.9999999999999999,1.0,0.6856231696950259,0.7017179344132718,0.4637785585714389,0.042928174000881024,0.6696492011738325
lyc0lh2d,cfg0,boot03,vn09,VN 9,66296,336,3.5,643,0.009698926028719681,32,0.7636868357658386,0.9781019269453798,0.980339180046189,0.928093572123424,1.0,1.0,0.6940484509285134,0.709339276497018,0.4765471745916052,0.04660008794974395,0.6881236944916982
lyc0lh2d,cfg0,boot03,vn12,VN 12,66296,336,3.5,643,0.009698926028719681,32,0.7638884782791138,0.9782514517702344,0.9803153749645218,0.9305220622077011,0.9999999999999998,1.0,0.7068161175397782,0.7227887279160317,0.4945660752468466,0.04708794781177575,0.6791184572624264
lyc0lh2d,cfg0,boot03,vn15,VN 15,66296,336,3.5,643,0.009698926028719681,32,0.7594679594039917,0.9785878994836599,0.9807591780448325,0.9319951135061337,1.0,1.0,0.714657678607104,0.7296508292801847,0.5052989479316705,0.058888958711721964,0.6973730518095292
lyc0lh2d,cfg0,boot03,pooled512,Pooled embedding,66296,512,3.5,643,0.009698926028719681,32,0.57596755027771,0.9839026166947469,0.9885332156910511,0.9632229732250078,0.9999999999999999,1.0,0.8559873103181662,0.8570969759936846,0.7325613582382065,0.22514096209124726,0.8226291137776328
lyc0lh2d,cfg0,boot04,vn03,VN 3,66296,336,3.5,643,0.009698926028719681,32,0.7641568183898926,0.9779840731993145,0.98024577847047,0.9256108523788867,1.0,1.0,0.6808343565600969,0.6947365841626402,0.45820971727950777,0.03639587152373581,0.6627573183379254
lyc0lh2d,cfg0,boot04,vn06,VN 6,66296,336,3.5,643,0.009698926028719681,32,0.7556725740432739,0.9781391280019922,0.9803763178765912,0.9271166674104591,1.0,1.0,0.6892574424140431,0.7020623061974666,0.46959277892079665,0.05581555882123695,0.6859187965456444
lyc0lh2d,cfg0,boot04,vn09,VN 9,66296,336,3.5,643,0.009698926028719681,32,0.7647579312324524,0.9782424302451073,0.9804003225811588,0.9295892044088467,1.0,1.0,0.7018513530260893,0.7162018836018769,0.4874533428354948,0.057018379485501106,0.6972620246051161
lyc0lh2d,cfg0,boot04,vn12,VN 12,66296,336,3.5,643,0.009698926028719681,32,0.7653396129608154,0.9785185422210437,0.9806883388839278,0.930730730887989,1.0,1.0,0.7085703674177145,0.7229466684019022,0.496376655337298,0.058760795389244,0.7116527563658303
lyc0lh2d,cfg0,boot04,vn15,VN 15,66296,336,3.5,643,0.009698926028719681,32,0.7612245082855225,0.977904172693,0.9802128048344642,0.9317546052859688,0.9999999999999999,1.0,0.7120885484123828,0.7255000787584732,0.5033443109450375,0.05438104507460015,0.7079192859939264
lyc0lh2d,cfg0,boot04,pooled512,Pooled embedding,66296,512,3.5,643,0.009698926028719681,32,0.5643728971481323,0.9835685712468831,0.988338033669227,0.9624876205525653,0.9999999999999999,1.0,0.852924613739918,0.8544053923774456,0.7273481414334895,0.21305565345817745,0.8179081598220382
lyc0lh2d,cfg0,boot05,vn03,VN 3,66296,336,3.5,643,0.009698926028719681,32,0.7644459009170532,0.9774198592007942,0.9795133498721496,0.9212578997454507,0.9999999999999999,1.0,0.6568830114810298,0.6708834245310358,0.4268995293276344,0.0425399562404829,0.6792005491713005
lyc0lh2d,cfg0,boot05,vn06,VN 6,66296,336,3.5,643,0.009698926028719681,32,0.7631680369377136,0.9783218165812312,0.9804077341661115,0.9279396574228337,1.0,1.0,0.6941539395482847,0.7097755545961472,0.4759077386324453,0.05381844182510896,0.7026124248751252
lyc0lh2d,cfg0,boot05,vn09,VN 9,66296,336,3.5,643,0.009698926028719681,32,0.77170729637146,0.9783256381210401,0.9803586522656282,0.9294279690729182,1.0,1.0,0.7015348814020209,0.7162930222785556,0.4866198567746838,0.06020932299789605,0.7002502364154591
lyc0lh2d,cfg0,boot05,vn12,VN 12,66296,336,3.5,643,0.009698926028719681,32,0.7709511518478394,0.9779805693009745,0.9801353604673949,0.9308209778558445,0.9999999999999998,1.0,0.7081130974472998,0.722529878320594,0.4971358248951495,0.06461577828582654,0.6946382932899084
lyc0lh2d,cfg0,boot05,vn15,VN 15,66296,336,3.5,643,0.009698926028719681,32,0.7672979831695557,0.9780486248671602,0.9802909328809897,0.9332131031788156,1.0,1.0,0.7197556865068518,0.7340853226028863,0.5143857529310583,0.05179387799460486,0.7008214568138404
lyc0lh2d,cfg0,boot05,pooled512,Pooled embedding,66296,512,3.5,643,0.009698926028719681,32,0.5887380242347717,0.9838047493942632,0.9885445001175476,0.9630842972007275,1.0,1.0,0.8556167289793956,0.8557653806329955,0.7319512654220856,0.22026934552973948,0.8250701014682524
lyc0lh2d,cfg0,boot06,vn03,VN 3,66296,336,3.5,643,0.009698926028719681,32,0.7630525827407837,0.9784811687824353,0.9806406212154047,0.9237531365381377,1.0,1.0,0.6726521604325794,0.6890981130758053,0.4452910499409253,0.04279981040571569,0.6635780005433629
lyc0lh2d,cfg0,boot06,vn06,VN 6,66296,336,3.5,643,0.009698926028719681,32,0.7625449895858765,0.978628585396138,0.9806725243809392,0.9276921761657602,0.9999999999999999,1.0,0.6935921293674242,0.7096918575926879,0.4741875374286544,0.05118124390507279,0.7026980226568931
lyc0lh2d,cfg0,boot06,vn09,VN 9,66296,336,3.5,643,0.009698926028719681,32,0.7704526782035828,0.9782244561752745,0.9803118880021168,0.9289084169209585,0.9999999999999998,1.0,0.698718208026217,0.7133907592527271,0.48285742431228806,0.059739997452427265,0.6944320745299305
lyc0lh2d,cfg0,boot06,vn12,VN 12,66296,336,3.5,643,0.009698926028719681,32,0.7701036930084229,0.9780260455403876,0.9803497698281608,0.9305951197053889,0.9999999999999999,1.0,0.7067852207115133,0.7218030121720678,0.49512929682617546,0.05462842562279012,0.6890498845205739
lyc0lh2d,cfg0,boot06,vn15,VN 15,66296,336,3.5,643,0.009698926028719681,32,0.7655918598175049,0.9780840719036226,0.9805067929050056,0.93270172243758,1.0,1.0,0.7172530749342424,0.7329179418881789,0.510530242183999,0.05210785098341776,0.6829254562117779
lyc0lh2d,cfg0,boot06,pooled512,Pooled embedding,66296,512,3.5,643,0.009698926028719681,32,0.575853168964386,0.9837059692859406,0.9885177011565686,0.9628157152069077,0.9999999999999999,1.0,0.8542467267821836,0.8553905196091518,0.7296322364804166,0.19706566245230273,0.7930177651344211
lyc0lh2d,cfg0,boot07,vn03,VN 3,66296,336,3.5,643,0.009698926028719681,32,0.7678717374801636,0.9771109193190822,0.9791043879585988,0.9256272500757466,0.9999999999999999,1.0,0.6797709314591134,0.6935053074347223,0.45862641791134473,0.039748143866111106,0.6632611572805882
lyc0lh2d,cfg0,boot07,vn06,VN 6,66296,336,3.5,643,0.009698926028719681,32,0.7600862979888916,0.9785083653244437,0.9807958200438472,0.9294236838174899,0.9999999999999999,1.0,0.7009115805102977,0.7150031345817958,0.4854791214087668,0.04217395404762243,0.6788327641540793
lyc0lh2d,cfg0,boot07,vn09,VN 9,66296,336,3.5,643,0.009698926028719681,32,0.7670470476150513,0.9782961818067789,0.9804346657652692,0.9297620816166476,0.9999999999999999,1.0,0.702655771150541,0.7174919858416271,0.4884559731127327,0.05136931233275951,0.6887100872656771
lyc0lh2d,cfg0,boot07,vn12,VN 12,66296,336,3.5,643,0.009698926028719681,32,0.7665373682975769,0.9782242678213287,0.980465143567726,0.9314087465309534,1.0,1.0,0.7110379555538829,0.7257144373220383,0.5009059019575179,0.04592956402555263,0.6706553156293543
lyc0lh2d,cfg0,boot07,vn15,VN 15,66296,336,3.5,643,0.009698926028719681,32,0.7638904452323914,0.9781532496028654,0.9805124275470865,0.932544646521237,1.0,1.0,0.7164251409543966,0.7317214950680286,0.5091542373183673,0.042817553973801915,0.6715728001968216
lyc0lh2d,cfg0,boot07,pooled512,Pooled embedding,66296,512,3.5,643,0.009698926028719681,32,0.5948588848114014,0.9838308060710588,0.9884831211414291,0.9630780754005822,0.9999999999999999,1.0,0.855317996829668,0.856177188726805,0.7314427436392286,0.21162101609205297,0.8239740897990018
lyc0lh2d,cfg0,boot08,vn03,VN 3,66296,336,3.5,643,0.009698926028719681,32,0.7639604806900024,0.9776658494510979,0.9797100561074007,0.9245914152382166,1.0,1.0,0.6755979007514809,0.688945290379073,0.4515657810756806,0.03780861922804201,0.6707576018398631
lyc0lh2d,cfg0,boot08,vn06,VN 6,66296,336,3.5,643,0.009698926028719681,32,0.7584896087646484,0.9783641978415903,0.9803314345502377,0.9266159234217471,1.0,1.0,0.6872458922154548,0.7019186809931366,0.4660122115144444,0.045684573281897914,0.6882387368681077
lyc0lh2d,cfg0,boot08,vn09,VN 9,66296,336,3.5,643,0.009698926028719681,32,0.7661570310592651,0.9785877333571624,0.9808384685762539,0.9273402468679683,1.0,1.0,0.6917457776878545,0.706429760147752,0.47166490195666766,0.04358346191094285,0.6899453389408032
lyc0lh2d,cfg0,boot08,vn12,VN 12,66296,336,3.5,643,0.009698926028719681,32,0.7644001245498657,0.9781480287649836,0.9805531395525513,0.9297210267885899,1.0000000000000002,1.0,0.7021413069731774,0.7164395684839852,0.4881389691241761,0.04764687980148921,0.6990657251439713
lyc0lh2d,cfg0,boot08,vn15,VN 15,66296,336,3.5,643,0.009698926028719681,32,0.7620514631271362,0.9786989764744997,0.9813648163925992,0.9312545796251441,1.0000000000000002,1.0,0.7112330724371049,0.7259373090452615,0.499866220004473,0.054566039667183736,0.6971428249267279
lyc0lh2d,cfg0,boot08,pooled512,Pooled embedding,66296,512,3.5,643,0.009698926028719681,32,0.5928696990013123,0.983739817284001,0.9884539427816621,0.962998191262225,1.0,1.0,0.8552588457279662,0.8560660362436546,0.7313711628747335,0.2314864351442138,0.8187331414594365
lyc0lh2d,cfg0,boot09,vn03,VN 3,66296,336,3.5,643,0.009698926028719681,32,0.7594507932662964,0.9777815542638759,0.9800144561746943,0.9240784552689141,0.9999999999999999,1.0,0.672512277476946,0.6874568291085715,0.44713656490088316,0.04191550662861976,0.6596014286811056
lyc0lh2d,cfg0,boot09,vn06,VN 6,66296,336,3.5,643,0.009698926028719681,32,0.7593798637390137,0.9779493182523132,0.9799695541169795,0.9265534161601243,1.0,1.0,0.6861364624664502,0.7010923323545561,0.46561246905845244,0.0465135913985535,0.6637188750440336
lyc0lh2d,cfg0,boot09,vn09,VN 9,66296,336,3.5,643,0.009698926028719681,32,0.7669716477394104,0.9778886252212335,0.9799594162576485,0.9273675097362312,1.0,1.0,0.6899473586385089,0.7051646834491605,0.47119427293602767,0.04144514121780383,0.6655977860317923
lyc0lh2d,cfg0,boot09,vn12,VN 12,66296,336,3.5,643,0.009698926028719681,32,0.7663791179656982,0.9777568577792625,0.9798869279680243,0.9274468200620459,1.0,1.0,0.6902352978926338,0.7036213062392073,0.47192245830826185,0.03849802258764909,0.6851286367538799
lyc0lh2d,cfg0,boot09,vn15,VN 15,66296,336,3.5,643,0.009698926028719681,32,0.7611428499221802,0.9779257932139243,0.9803992334265424,0.9295288633312702,1.0,1.0,0.701312081606237,0.7164271928055393,0.4874124903885195,0.04661845244082561,0.6958301242554787
lyc0lh2d,cfg0,boot09,pooled512,Pooled embedding,66296,512,3.5,643,0.009698926028719681,32,0.573478102684021,0.9836908120214205,0.9886815796845277,0.9627108650306794,0.9999999999999999,1.0,0.8538069135213547,0.8555970642378058,0.7288450822220405,0.2067776553349774,0.8165312756196695
lyc0lh2d,cfg1,boot00,vn03,VN 3,66296,336,3.5,643,0.009698926028719681,32,0.7753893733024597,0.9780321190524597,0.9800594087014217,0.9261533950023808,0.9999999999999999,1.0,0.6839531398656961,0.6978012680153729,0.4623670663129693,0.047462213609396287,0.6621924227237509
lyc0lh2d,cfg1,boot00,vn06,VN 6,66296,336,3.5,643,0.009698926028719681,32,0.7649273872375488,0.9782728507056554,0.9803272728259435,0.9292169762971249,0.9999999999999997,1.0,0.7000312671862394,0.7137992870039418,0.4846620538419393,0.062261894136872144,0.7094869086323805
lyc0lh2d,cfg1,boot00,vn09,VN 9,66296,336,3.5,643,0.009698926028719681,32,0.7713326215744019,0.9781720946537542,0.9802460346734027,0.9305264556086985,0.9999999999999999,1.0,0.7065752696525212,0.7199065807864475,0.4944712984072439,0.06856891223685938,0.7032731634739496
lyc0lh2d,cfg1,boot00,vn12,VN 12,66296,336,3.5,643,0.009698926028719681,32,0.7707403898239136,0.9780673188275797,0.9803787323088745,0.93396172484224,0.9999999999999998,1.0,0.7230517611353146,0.7361465533127208,0.5193998817992179,0.06835610481727505,0.7113314478527819
lyc0lh2d,cfg1,boot00,vn15,VN 15,66296,336,3.5,643,0.009698926028719681,32,0.7681480646133423,0.9782691537640464,0.9809306582946065,0.9373121949927765,0.9999999999999999,1.0,0.7393013985103045,0.7512080820438004,0.5439083667291029,0.07381663399608485,0.7178834505246362
lyc0lh2d,cfg1,boot00,pooled512,Pooled embedding,66296,512,3.5,643,0.009698926028719681,32,0.6535812020301819,0.9844875107792287,0.988607872273627,0.965249477693459,0.9999999999999999,1.0,0.8647773768618914,0.8661243255127715,0.7477421204775284,0.2599179206295517,0.8327276148298328
lyc0lh2d,cfg1,boot01,vn03,VN 3,66296,336,3.5,643,0.009698926028719681,32,0.7745634317398071,0.9778569289900956,0.9799692458070375,0.9266991769036753,0.9999999999999998,1.0,0.6865466540100369,0.7016420484231104,0.46646832430722485,0.03547656008812658,0.6769022126061288
lyc0lh2d,cfg1,boot01,vn06,VN 6,66296,336,3.5,643,0.009698926028719681,32,0.7662404179573059,0.9777936393295906,0.980001365225465,0.9301261297847956,0.9999999999999999,1.0,0.7039990643266081,0.7179406844192753,0.49168016435988227,0.06304191149809663,0.6929220026900942
lyc0lh2d,cfg1,boot01,vn09,VN 9,66296,336,3.5,643,0.009698926028719681,32,0.7704716920852661,0.9782326780515368,0.9804137812335609,0.9333710797458604,0.9999999999999999,0.9999999999999999,0.7205024799118847,0.7341201421993053,0.5151568718787646,0.06705572689424955,0.6923600325847198
lyc0lh2d,cfg1,boot01,vn12,VN 12,66296,336,3.5,643,0.009698926028719681,32,0.7680171132087708,0.9783414550715853,0.9804797875324796,0.9348616687089492,1.0,1.0,0.7280862860598108,0.7416347217854491,0.526374723530407,0.0672861444547875,0.6902011018437363
lyc0lh2d,cfg1,boot01,vn15,VN 15,66296,336,3.5,643,0.009698926028719681,32,0.7635287046432495,0.9780216774759062,0.9805154634257719,0.9352811123500948,0.9999999999999999,1.0,0.7296507022945677,0.7440390215513428,0.5294736398316727,0.06271559683149724,0.6793528177588759
lyc0lh2d,cfg1,boot01,pooled512,Pooled embedding,66296,512,3.5,643,0.009698926028719681,32,0.6230012774467468,0.9842651872741548,0.9885851653660408,0.9645134127690773,0.9999999999999999,1.0,0.8616681453333046,0.8631471175940726,0.7423787166242074,0.2617321855086882,0.8321859337794147
lyc0lh2d,cfg1,boot02,vn03,VN 3,66296,336,3.5,643,0.009698926028719681,32,0.7731943130493164,0.9779142444518467,0.9799393385212133,0.9259946818393241,0.9999999999999999,1.0,0.6830550061555691,0.6972533949859895,0.4613597563185108,0.0418239570843758,0.6882113413140423
lyc0lh2d,cfg1,boot02,vn06,VN 6,66296,336,3.5,643,0.009698926028719681,32,0.7683586478233337,0.9786489211614205,0.9807602600961426,0.9313528600318769,0.9999999999999999,1.0,0.711447152884477,0.7255599046982907,0.5003934990284638,0.06382573848093237,0.7162976352484629
lyc0lh2d,cfg1,boot02,vn09,VN 9,66296,336,3.5,643,0.009698926028719681,32,0.7728486061096191,0.9788584570042853,0.9809854796406434,0.9330193195802801,0.9999999999999999,1.0,0.7200555036498093,0.7341826549766651,0.5126285146835113,0.08629448747059777,0.7334007282124391
lyc0lh2d,cfg1,boot02,vn12,VN 12,66296,336,3.5,643,0.009698926028719681,32,0.7723572254180908,0.979561349104469,0.9817603166695983,0.9352819847019762,0.9999999999999999,1.0,0.7321279635278867,0.7468978440044991,0.528969200091921,0.08027471432794794,0.7398413246665945
lyc0lh2d,cfg1,boot02,vn15,VN 15,66296,336,3.5,643,0.009698926028719681,32,0.7702634334564209,0.9794104995494358,0.9813304315043985,0.9375638155375867,1.0,1.0,0.7421848383069802,0.756007489096799,0.5454092636881762,0.08342337218936766,0.7300861622746805
lyc0lh2d,cfg1,boot02,pooled512,Pooled embedding,66296,512,3.5,643,0.009698926028719681,32,0.6383456587791443,0.984451538112646,0.9886499788121428,0.9651412405072933,0.9999999999999999,0.9999999999999999,0.8644851690462193,0.8656977906954443,0.7472438643153088,0.2766878675324628,0.8352399873040024
lyc0lh2d,cfg1,boot03,vn03,VN 3,66296,336,3.5,643,0.009698926028719681,32,0.7760090827941895,0.9775989642942604,0.9796641839793053,0.9271881505806461,1.0,1.0,0.6882960350264533,0.701299686937311,0.46966447589786764,0.045326595002706235,0.6873228038862791
lyc0lh2d,cfg1,boot03,vn06,VN 6,66296,336,3.5,643,0.009698926028719681,32,0.7702003717422485,0.9778591982409841,0.9799598073242959,0.9300094511579792,0.9999999999999999,1.0,0.7032458546214408,0.7165685508053806,0.4904804766357148,0.06455175619762293,0.7111350360615745
lyc0lh2d,cfg1,boot03,vn09,VN 9,66296,336,3.5,643,0.009698926028719681,32,0.7750667333602905,0.9785468147029355,0.9807986305645243,0.9318458251917622,0.9999999999999999,1.0,0.7134165294025774,0.7279841496014623,0.503691326729534,0.05719644160162593,0.7072403073807224
lyc0lh2d,cfg1,boot03,vn12,VN 12,66296,336,3.5,643,0.009698926028719681,32,0.7733854651451111,0.978206431499872,0.9806189526909018,0.9355849301951591,0.9999999999999998,1.0,0.7309341917725273,0.7433555445309099,0.5311675223173028,0.060482070023087614,0.7101133939054995
lyc0lh2d,cfg1,boot03,vn15,VN 15,66296,336,3.5,643,0.009698926028719681,32,0.7685872912406921,0.9783931116022918,0.9807883246190113,0.9369770194704877,1.0,1.0,0.737243664607974,0.7489821110785622,0.540571897066919,0.052705635632215524,0.6939442133660978
lyc0lh2d,cfg1,boot03,pooled512,Pooled embedding,66296,512,3.5,643,0.009698926028719681,32,0.6392517685890198,0.984358659942384,0.9886392694696522,0.9647379028854616,0.9999999999999999,1.0,0.8625874604000104,0.863885387460194,0.743982114027868,0.2703641997653461,0.8447612866544044
lyc0lh2d,cfg1,boot04,vn03,VN 3,66296,336,3.5,643,0.009698926028719681,32,0.7706490159034729,0.9778539614590913,0.9802295897831558,0.9254488850452194,0.9999999999999999,1.0,0.680259927814548,0.694018957356992,0.45763374975171345,0.03992209358944397,0.6759814590490714
lyc0lh2d,cfg1,boot04,vn06,VN 6,66296,336,3.5,643,0.009698926028719681,32,0.7646682262420654,0.978174192422861,0.9807605164464902,0.928086432331596,0.9999999999999999,1.0000000000000002,0.6943346123859346,0.707740255975251,0.4767019150730727,0.05709955977426702,0.6889170640522269
lyc0lh2d,cfg1,boot04,vn09,VN 9,66296,336,3.5,643,0.009698926028719681,32,0.7718416452407837,0.9781171324004256,0.9806677319916686,0.9302222957065492,0.9999999999999998,1.0,0.7048235122110548,0.7184328464809825,0.4921075649841289,0.06971132027687427,0.6918754285663119
lyc0lh2d,cfg1,boot04,vn12,VN 12,66296,336,3.5,643,0.009698926028719681,32,0.7695286273956299,0.9777968572765448,0.9805026583642915,0.9342729016675853,1.0,1.0,0.7241560024950031,0.735867549086375,0.5216768553824038,0.05501528471544782,0.697764039546341
lyc0lh2d,cfg1,boot04,vn15,VN 15,66296,336,3.5,643,0.009698926028719681,32,0.7669187784194946,0.9781730964041312,0.9808358312416503,0.9359054453167094,1.0,1.0,0.73263926981976,0.7454680520149104,0.5337930967383873,0.05155989616392108,0.7054070438055737
lyc0lh2d,cfg1,boot04,pooled512,Pooled embedding,66296,512,3.5,643,0.009698926028719681,32,0.6208131313323975,0.984368738597115,0.9884980106116134,0.9649538601185291,1.0,1.0,0.8634835940785552,0.8655811295177194,0.745508585524794,0.257408575763161,0.8190971363437995
lyc0lh2d,cfg1,boot05,vn03,VN 3,66296,336,3.5,643,0.009698926028719681,32,0.7676739692687988,0.977881262835455,0.9799629350121487,0.9267293950915589,0.9999999999999999,1.0,0.6869609062711866,0.7014242790627541,0.4669401008386589,0.04215712594006042,0.6745963431519015
lyc0lh2d,cfg1,boot05,vn06,VN 6,66296,336,3.5,643,0.009698926028719681,32,0.7581301927566528,0.9780257075358335,0.9803830865053815,0.9279211276789069,0.9999999999999999,1.0,0.693310937461779,0.7067596232659049,0.475585549992243,0.05262116828874907,0.6789177223509274
lyc0lh2d,cfg1,boot05,vn09,VN 9,66296,336,3.5,643,0.009698926028719681,32,0.7663874626159668,0.9781189907490174,0.980289683175591,0.9309689056489805,1.0,1.0,0.7088299816399438,0.7225053933073409,0.4979393724623876,0.054502489972094226,0.6890130728551893
lyc0lh2d,cfg1,boot05,vn12,VN 12,66296,336,3.5,643,0.009698926028719681,32,0.7650654315948486,0.978031434312992,0.9802772246189704,0.9325490436427742,0.9999999999999998,1.0,0.7159062100034386,0.7285011615760746,0.5088124851452058,0.06271331086742624,0.6948863693296384
lyc0lh2d,cfg1,boot05,vn15,VN 15,66296,336,3.5,643,0.009698926028719681,32,0.7601208686828613,0.9781069477599891,0.9804876267602121,0.9328068164282123,1.0,1.0,0.7180755508553356,0.7317268103692882,0.5116827422825736,0.05671307082015825,0.6966503800709697
lyc0lh2d,cfg1,boot05,pooled512,Pooled embedding,66296,512,3.5,643,0.009698926028719681,32,0.6337250471115112,0.9842976931196308,0.9885617243375477,0.9647156811615898,0.9999999999999997,1.0,0.8625666593508412,0.8632300014760781,0.7439329487040445,0.2617831813889233,0.8328821693412884
lyc0lh2d,cfg1,boot06,vn03,VN 3,66296,336,3.5,643,0.009698926028719681,32,0.771943211555481,0.9778123253145692,0.9801335289864533,0.9236110536572453,0.9999999999999999,1.0,0.6706481861193835,0.6851853175263517,0.44441502236787833,0.044724549511996545,0.6823591511419469
lyc0lh2d,cfg1,boot06,vn06,VN 6,66296,336,3.5,643,0.009698926028719681,32,0.7648193836212158,0.9788346893598825,0.9810745840221998,0.9266104027984722,0.9999999999999999,1.0,0.688429683032595,0.7037914805786256,0.46615695904470855,0.05759873020894852,0.6998391491303338
lyc0lh2d,cfg1,boot06,vn09,VN 9,66296,336,3.5,643,0.009698926028719681,32,0.7694714665412903,0.9785494573356512,0.9809050464860205,0.9301079233251055,0.9999999999999999,1.0,0.7052570346638816,0.7198927164608973,0.4915202893601104,0.055050802329316514,0.6998877220517439
lyc0lh2d,cfg1,boot06,vn12,VN 12,66296,336,3.5,643,0.009698926028719681,32,0.7689170241355896,0.9788178234684888,0.9814117699510456,0.9322535704718705,1.0,1.0,0.7159945884072364,0.7319511783286566,0.5066919867520544,0.052570609355823375,0.6907456610262936
lyc0lh2d,cfg1,boot06,vn15,VN 15,66296,336,3.5,643,0.009698926028719681,32,0.7665618658065796,0.9788152979020286,0.9816217659131633,0.9366128384299017,1.0,1.0,0.7367338150678407,0.7515225209019081,0.5385909149944947,0.05209290139811826,0.6932848013137737
lyc0lh2d,cfg1,boot06,pooled512,Pooled embedding,66296,512,3.5,643,0.009698926028719681,32,0.6281294822692871,0.9842638177525027,0.9884766374537937,0.9645738831671863,0.9999999999999999,1.0,0.8618063879292858,0.8636303864997041,0.7426202236183653,0.2507058588854698,0.8395770008010683
lyc0lh2d,cfg1,boot07,vn03,VN 3,66296,336,3.5,643,0.009698926028719681,32,0.7669004201889038,0.9781693111954781,0.9803196839067266,0.9246710228372463,1.0,1.0,0.6770994888572424,0.6922107329878113,0.452246809670216,0.03869833733460075,0.6629922591984687
lyc0lh2d,cfg1,boot07,vn06,VN 6,66296,336,3.5,643,0.009698926028719681,32,0.7643527388572693,0.9779019731355448,0.9801230417274185,0.9279144517493823,1.0,1.0,0.6931685504247518,0.7075365165147446,0.4756854172204217,0.058558781208299146,0.6827625870963646
lyc0lh2d,cfg1,boot07,vn09,VN 9,66296,336,3.5,643,0.009698926028719681,32,0.7691527605056763,0.9786996819861331,0.9809221942325629,0.930155768819529,0.9999999999999999,1.0,0.7063168608099507,0.7213460577531596,0.49244372851761264,0.06134957083229179,0.7029592220316444
lyc0lh2d,cfg1,boot07,vn12,VN 12,66296,336,3.5,643,0.009698926028719681,32,0.7683156132698059,0.9782485738828582,0.9806881825943636,0.9339883203339955,1.0,1.0,0.7239829837720552,0.7375153328589599,0.5202778259166432,0.0623261577841533,0.7029027490520582
lyc0lh2d,cfg1,boot07,vn15,VN 15,66296,336,3.5,643,0.009698926028719681,32,0.7659041881561279,0.9789521397854174,0.9816869629625627,0.9368219543777524,0.9999999999999999,1.0,0.7381564920338112,0.7514496385081755,0.5403813087307028,0.06439179841102169,0.6928072208853187
lyc0lh2d,cfg1,boot07,pooled512,Pooled embedding,66296,512,3.5,643,0.009698926028719681,32,0.6239057779312134,0.9841969669889696,0.9886187608734378,0.9642525411305849,1.0000000000000002,1.0,0.8607133737097572,0.8611123684047293,0.7407352949119212,0.2567742255204181,0.8337777777356651
lyc0lh2d,cfg1,boot08,vn03,VN 3,66296,336,3.5,643,0.009698926028719681,32,0.7692019939422607,0.9774286801132526,0.9796555781454899,0.9248866984292687,0.9999999999999999,1.0,0.6767656869634818,0.6905415517891802,0.45375257194874064,0.04567594856152357,0.666644976052164
lyc0lh2d,cfg1,boot08,vn06,VN 6,66296,336,3.5,643,0.009698926028719681,32,0.7591307163238525,0.9773931851934613,0.9794870741987292,0.9283334762783201,0.9999999999999999,1.0,0.6942676309475129,0.7069887380380042,0.4785340189380839,0.047708607582130635,0.6765870867473055
lyc0lh2d,cfg1,boot08,vn09,VN 9,66296,336,3.5,643,0.009698926028719681,32,0.7644083499908447,0.9776346066709792,0.9797772993401518,0.9301650243390549,1.0000000000000002,1.0,0.7038184901640715,0.715536157617408,0.49181730053983885,0.05576868645502914,0.6819794627387182
lyc0lh2d,cfg1,boot08,vn12,VN 12,66296,336,3.5,643,0.009698926028719681,32,0.7633833289146423,0.9777316700319734,0.9799027804605711,0.9297812150580985,1.0,1.0,0.7017615572879029,0.7138957245506374,0.4886222521944169,0.05671328757923019,0.6970113073165506
lyc0lh2d,cfg1,boot08,vn15,VN 15,66296,336,3.5,643,0.009698926028719681,32,0.7605291604995728,0.9786394144964102,0.9811573308200201,0.9313524430856204,0.9999999999999999,1.0,0.7118584260983796,0.7258906699991621,0.5008813021566842,0.06155946960081156,0.7133174300937827
lyc0lh2d,cfg1,boot08,pooled512,Pooled embedding,66296,512,3.5,643,0.009698926028719681,32,0.6763440370559692,0.9844765215242284,0.9884209074800232,0.965298374728703,0.9999999999999999,1.0,0.8650561721215572,0.866816594922124,0.7482371459099981,0.2712524207709397,0.8282387117584774
lyc0lh2d,cfg1,boot09,vn03,VN 3,66296,336,3.5,643,0.009698926028719681,32,0.7772774696350098,0.9778772686670741,0.9800682913968602,0.9260426205623095,0.9999999999999998,1.0,0.6836253094969109,0.6980725664547209,0.46220892862477125,0.0487694059513097,0.6660108276041725
lyc0lh2d,cfg1,boot09,vn06,VN 6,66296,336,3.5,643,0.009698926028719681,32,0.7688981890678406,0.9778806639857687,0.9800257056282965,0.9285142473980516,0.9999999999999998,1.0,0.6956331153255096,0.7085144367735693,0.47945695493433504,0.061431170065540136,0.6921515871216877
lyc0lh2d,cfg1,boot09,vn09,VN 9,66296,336,3.5,643,0.009698926028719681,32,0.7736397981643677,0.9782175204191258,0.9802990959296495,0.9304586977349452,0.9999999999999999,1.0,0.7060766188475434,0.7194602804659166,0.49369625014405216,0.07099231319430718,0.697243630616589
lyc0lh2d,cfg1,boot09,vn12,VN 12,66296,336,3.5,643,0.009698926028719681,32,0.7730900049209595,0.9784449080493366,0.9807426399804652,0.9333265728496664,0.9999999999999999,1.0,0.720911936153839,0.734082012946885,0.5151413835608291,0.07317166942020517,0.7008806539514184
lyc0lh2d,cfg1,boot09,vn15,VN 15,66296,336,3.5,643,0.009698926028719681,32,0.7712744474411011,0.9782997324105532,0.9806591369964689,0.9354984048922543,1.0,1.0,0.7307623927885539,0.7432852626387685,0.5306225140440488,0.063407132001148,0.6999776192654726
lyc0lh2d,cfg1,boot09,pooled512,Pooled embedding,66296,512,3.5,643,0.009698926028719681,32,0.6497343182563782,0.98427387674849,0.988705748946316,0.9644791973967125,1.0,1.0,0.8617366197185583,0.8625645516469211,0.7425038310844749,0.24784455191864047,0.8355501149251192
lyc0lh2d,cfg2,boot00,vn03,VN 3,66296,336,3.5,643,0.009698926028719681,32,0.7738577127456665,0.9779932104748057,0.9800285236131676,0.9264295737728229,0.9999999999999998,1.0,0.6855150266190723,0.6997804916855533,0.46463751264454156,0.03756095472745225,0.6610116897409559
lyc0lh2d,cfg2,boot00,vn06,VN 6,66296,336,3.5,643,0.009698926028719681,32,0.7608353495597839,0.9780899312084623,0.9802864938353865,0.928775381154213,1.0000000000000002,1.0,0.6977828840205674,0.711319002205912,0.48184660376332,0.07695686666276647,0.7114836098428707
lyc0lh2d,cfg2,boot00,vn09,VN 9,66296,336,3.5,643,0.009698926028719681,32,0.7671886682510376,0.9781677961539523,0.9804644502627236,0.9332391830836779,1.0,1.0,0.7202343422863586,0.7341532115076207,0.514765421301087,0.049515112448199824,0.6991984627031621
lyc0lh2d,cfg2,boot00,vn12,VN 12,66296,336,3.5,643,0.009698926028719681,32,0.7669697999954224,0.9781804126902458,0.9806423257654693,0.9346988594987731,0.9999999999999999,1.0000000000000002,0.7269359862858239,0.7392486085650786,0.5250138064582084,0.06736278990103334,0.7047704080828943
lyc0lh2d,cfg2,boot00,vn15,VN 15,66296,336,3.5,643,0.009698926028719681,32,0.7615650296211243,0.978687303381638,0.9810165721508932,0.9355758052178467,0.9999999999999998,1.0,0.7320562744090986,0.7444555082026829,0.5315436122721517,0.06746309519383845,0.7199252661603033
lyc0lh2d,cfg2,boot00,pooled512,Pooled embedding,66296,512,3.5,643,0.009698926028719681,32,0.6000928282737732,0.9840580503013376,0.9884832964226322,0.9640401618259634,1.0,1.0,0.8594627384973602,0.8603269640285981,0.7385585333243242,0.25002171796366185,0.824922795585888
lyc0lh2d,cfg2,boot01,vn03,VN 3,66296,336,3.5,643,0.009698926028719681,32,0.763394832611084,0.977781133865442,0.9800253266823985,0.9280270145550223,1.0,1.0,0.6932003635007105,0.7071692528592064,0.47613200335745953,0.04100679750298429,0.6766871580989252
lyc0lh2d,cfg2,boot01,vn06,VN 6,66296,336,3.5,643,0.009698926028719681,32,0.7529288530349731,0.9777488678065785,0.9801054421313352,0.9313635826592751,1.0,1.0,0.7100594021923516,0.722899595202177,0.5006655659034122,0.06244346656994258,0.7072395256658204
lyc0lh2d,cfg2,boot01,vn09,VN 9,66296,336,3.5,643,0.009698926028719681,32,0.7573201656341553,0.9782129034980258,0.9803123002299504,0.9326164024975342,1.0,1.0,0.7169768046037912,0.7298104871477722,0.5098412287800065,0.05747475135173716,0.7026495208004742
lyc0lh2d,cfg2,boot01,vn12,VN 12,66296,336,3.5,643,0.009698926028719681,32,0.7551782727241516,0.9787599816498782,0.9808083309176142,0.9335114719840021,1.0,1.0,0.7222760939439895,0.7366184806076672,0.51628289168962,0.06379914369121478,0.7006306354685985
lyc0lh2d,cfg2,boot01,vn15,VN 15,66296,336,3.5,643,0.009698926028719681,32,0.7503809928894043,0.9792230054569734,0.9814496267320875,0.9346124210100062,1.0,1.0,0.7283438405937299,0.7434054842032194,0.5241764760883874,0.053897795355218076,0.6938500404087384
lyc0lh2d,cfg2,boot01,pooled512,Pooled embedding,66296,512,3.5,643,0.009698926028719681,32,0.6086189150810242,0.9841599333272122,0.988590259743335,0.9642218070602506,1.0,1.0,0.8605176140648768,0.8614678731818817,0.7403935229228362,0.2503037235890261,0.8362232543648888
lyc0lh2d,cfg2,boot02,vn03,VN 3,66296,336,3.5,643,0.009698926028719681,32,0.7647242546081543,0.9774034234681103,0.9794371296375299,0.9263526169723671,0.9999999999999999,1.0,0.6839845020704017,0.6982870923502609,0.46397234014417466,0.04007150342342114,0.6875242139151932
lyc0lh2d,cfg2,boot02,vn06,VN 6,66296,336,3.5,643,0.009698926028719681,32,0.7579041719436646,0.9783548021149863,0.9802914479007889,0.9284973937060295,0.9999999999999998,1.0,0.6963886119980974,0.710827083257864,0.4791995082879025,0.049587308078227824,0.6892479308065765
lyc0lh2d,cfg2,boot02,vn09,VN 9,66296,336,3.5,643,0.009698926028719681,32,0.765056312084198,0.9777007636270969,0.9796804960139678,0.9299919443916154,0.9999999999999999,1.0,0.703247218515644,0.7168404997960062,0.49077272662583615,0.05651367586816761,0.7060167340524653
lyc0lh2d,cfg2,boot02,vn12,VN 12,66296,336,3.5,643,0.009698926028719681,32,0.762650728225708,0.9777123633734428,0.979945484406395,0.9314363136668645,0.9999999999999999,1.0,0.7105292028826293,0.7239400752684801,0.501447484931995,0.05791229152127471,0.6939545533223013
lyc0lh2d,cfg2,boot02,vn15,VN 15,66296,336,3.5,643,0.009698926028719681,32,0.7583556175231934,0.9780228475620625,0.9802917938851968,0.9325774995835824,1.0,1.0,0.7165026430404939,0.7299952271487201,0.5096448869050916,0.06224110960034508,0.6936348319273875
lyc0lh2d,cfg2,boot02,pooled512,Pooled embedding,66296,512,3.5,643,0.009698926028719681,32,0.614305853843689,0.9840631939842236,0.9886549258769288,0.9639524877539554,1.0,1.0,0.8592925640365213,0.8604532444266818,0.738280215641965,0.24576957641069969,0.8363325996978459
lyc0lh2d,cfg2,boot03,vn03,VN 3,66296,336,3.5,643,0.009698926028719681,32,0.7676128149032593,0.9772478253673661,0.9792949277254046,0.9277875811047175,1.0,1.0,0.6911411175008515,0.7041941311373208,0.4744104107619116,0.04592092124978481,0.6770786669790052
lyc0lh2d,cfg2,boot03,vn06,VN 6,66296,336,3.5,643,0.009698926028719681,32,0.7614947557449341,0.977695574348575,0.9799046304453993,0.9306138460737979,0.9999999999999999,1.0,0.7060774202694388,0.7187241391294212,0.49500394673203374,0.07012456959152236,0.7111606905233581
lyc0lh2d,cfg2,boot03,vn09,VN 9,66296,336,3.5,643,0.009698926028719681,32,0.7663863897323608,0.9777924689237757,0.9800698271981887,0.9333922745530261,1.0,1.0,0.7203971101515514,0.7316839368429529,0.5159578469187354,0.06287368981277458,0.7100571104325563
lyc0lh2d,cfg2,boot03,vn12,VN 12,66296,336,3.5,643,0.009698926028719681,32,0.7640397548675537,0.977945919209642,0.9801085701804054,0.9357780586575675,0.9999999999999998,1.0,0.7313739797109005,0.7429499565824766,0.532402304715318,0.06121244566131569,0.7027244706777437
lyc0lh2d,cfg2,boot03,vn15,VN 15,66296,336,3.5,643,0.009698926028719681,32,0.7588106989860535,0.9778938674055585,0.9802416659444008,0.9373620532805972,1.0,1.0,0.739386970480478,0.7503313327913098,0.5447941469572911,0.07260477935570311,0.7356512854152678
lyc0lh2d,cfg2,boot03,pooled512,Pooled embedding,66296,512,3.5,643,0.009698926028719681,32,0.6098197102546692,0.984134003007647,0.9885096344347623,0.9640460150606341,1.0,1.0,0.8595449331264083,0.860912374059149,0.7387285751623278,0.25147594639341814,0.8140336254428205
lyc0lh2d,cfg2,boot04,vn03,VN 3,66296,336,3.5,643,0.009698926028719681,32,0.7637733817100525,0.9777436838847602,0.9800131768278039,0.925010752044076,0.9999999999999999,1.0,0.6779096704247325,0.692946757763443,0.4546115009153794,0.0414263364454928,0.652246036284979
lyc0lh2d,cfg2,boot04,vn06,VN 6,66296,336,3.5,643,0.009698926028719681,32,0.7546539306640625,0.9777421197322366,0.98013818303916,0.9290511098038546,0.9999999999999999,1.0,0.6988775374710182,0.7120549219758824,0.4842404287107672,0.05555423074694893,0.687189995262097
lyc0lh2d,cfg2,boot04,vn09,VN 9,66296,336,3.5,643,0.009698926028719681,32,0.7607177495956421,0.9786473457387126,0.9810644818905881,0.9306440107006113,1.0,1.0,0.707648594737747,0.7216115233775635,0.4948650393279559,0.06696248217078685,0.7034908473858233
lyc0lh2d,cfg2,boot04,vn12,VN 12,66296,336,3.5,643,0.009698926028719681,32,0.7601715326309204,0.9783877392645501,0.9805544242913629,0.931056190896971,0.9999999999999998,1.0,0.7098366121399341,0.7236439875445394,0.4986066670961896,0.05769144033655277,0.6833680608204515
lyc0lh2d,cfg2,boot04,vn15,VN 15,66296,336,3.5,643,0.009698926028719681,32,0.7572938203811646,0.9780475385620478,0.9807089752721381,0.9340549116798719,1.0,1.0,0.7232633548573663,0.7358850701619931,0.5197867017942096,0.04476687860061611,0.6967231032451853
lyc0lh2d,cfg2,boot04,pooled512,Pooled embedding,66296,512,3.5,643,0.009698926028719681,32,0.6031759977340698,0.9842138998564212,0.9885157945272568,0.9644901517699958,0.9999999999999999,1.0,0.8614526217360386,0.8629562273688686,0.7419962928455561,0.24370772658831763,0.8344197788651723
lyc0lh2d,cfg2,boot05,vn03,VN 3,66296,336,3.5,643,0.009698926028719681,32,0.7699629068374634,0.977613958627052,0.9797872705103148,0.9266993050555103,0.9999999999999999,1.0,0.6863298054247741,0.6999807963739364,0.4667656807426036,0.04128814365285128,0.6872167867637378
lyc0lh2d,cfg2,boot05,vn06,VN 6,66296,336,3.5,643,0.009698926028719681,32,0.7585097551345825,0.978341129193091,0.9803663749970312,0.9271000137270284,1.0,1.0,0.6894900086216632,0.7029175925296268,0.4692826937977391,0.05515442968513389,0.6891479068316174
lyc0lh2d,cfg2,boot05,vn09,VN 9,66296,336,3.5,643,0.009698926028719681,32,0.764342725276947,0.9784300137046545,0.9804442515567919,0.9286150665345613,0.9999999999999998,1.0,0.6977347276560495,0.7112890643687579,0.4807808026860586,0.061464391092904226,0.6936035751754731
lyc0lh2d,cfg2,boot05,vn12,VN 12,66296,336,3.5,643,0.009698926028719681,32,0.7607952356338501,0.9787890271549804,0.9810390929652958,0.9299593860345277,0.9999999999999999,1.0,0.70518287046401,0.7202728989941096,0.4905078172661045,0.0632254980154967,0.701775409565902
lyc0lh2d,cfg2,boot05,vn15,VN 15,66296,336,3.5,643,0.009698926028719681,32,0.7553849220275879,0.9789869686359199,0.981303420534921,0.9304743458419342,0.9999999999999999,1.0,0.7082176222445272,0.7237614554019155,0.4944229538688705,0.05958430917626291,0.701629157814239
lyc0lh2d,cfg2,boot05,pooled512,Pooled embedding,66296,512,3.5,643,0.009698926028719681,32,0.6360910534858704,0.9842887452143676,0.9886556620387373,0.9646611824243737,1.0,1.0,0.8622727192728593,0.8630751788208797,0.7434296975005801,0.25787976240222166,0.8386201225402069
lyc0lh2d,cfg2,boot06,vn03,VN 3,66296,336,3.5,643,0.009698926028719681,32,0.7717466354370117,0.9776237046685292,0.9796737417975824,0.9243128466162409,1.0,1.0,0.6741142297906385,0.6882864824078874,0.44962726955306065,0.04009797166357994,0.6790485529995243
lyc0lh2d,cfg2,boot06,vn06,VN 6,66296,336,3.5,643,0.009698926028719681,32,0.7617524862289429,0.978470357060326,0.9806197579035483,0.9268810043736988,0.9999999999999999,1.0,0.6891865390770916,0.703696542172268,0.4683416808414861,0.06082367563563869,0.6928759762641984
lyc0lh2d,cfg2,boot06,vn09,VN 9,66296,336,3.5,643,0.009698926028719681,32,0.7662228345870972,0.978683908178168,0.9808713421314206,0.9298720917059131,0.9999999999999999,1.0,0.7040072298452666,0.7175905344090672,0.48935792689108415,0.06618104085792648,0.6962229833703895
lyc0lh2d,cfg2,boot06,vn12,VN 12,66296,336,3.5,643,0.009698926028719681,32,0.7639515399932861,0.9790421943127631,0.9811119057078022,0.932656025289804,0.9999999999999999,1.0,0.7186062661571325,0.7328702117056282,0.5098721056642919,0.06327209809644417,0.6951985815238271
lyc0lh2d,cfg2,boot06,vn15,VN 15,66296,336,3.5,643,0.009698926028719681,32,0.7594205141067505,0.978794814116074,0.9812874569821964,0.9354998256194107,0.9999999999999999,1.0,0.7320638385050316,0.7447146912628381,0.5312151652696355,0.05618713952097227,0.6848484985590033
lyc0lh2d,cfg2,boot06,pooled512,Pooled embedding,66296,512,3.5,643,0.009698926028719681,32,0.6304411888122559,0.9841185062005371,0.9886210406704494,0.964057218925781,0.9999999999999999,1.0,0.8596834389950013,0.8611590453943646,0.7389461805739146,0.23656243684380068,0.8202058449581248
lyc0lh2d,cfg2,boot07,vn03,VN 3,66296,336,3.5,643,0.009698926028719681,32,0.7703113555908203,0.9780432685864432,0.9800741437890056,0.9261650504383014,0.9999999999999998,1.0,0.6841799866408351,0.6992973883087554,0.4626095047024703,0.044567769611086806,0.6702209427154819
lyc0lh2d,cfg2,boot07,vn06,VN 6,66296,336,3.5,643,0.009698926028719681,32,0.7638841271400452,0.9779675121521895,0.9800324689111879,0.9282187771293974,0.9999999999999999,1.0,0.694709286027376,0.7083212675763341,0.47779786657642886,0.056608800577225483,0.6943732090289776
lyc0lh2d,cfg2,boot07,vn09,VN 9,66296,336,3.5,643,0.009698926028719681,32,0.7690218687057495,0.9790354198716138,0.9811836361946684,0.9301723989679249,0.9999999999999999,1.0,0.7063041641172785,0.7212320715241506,0.4915686153261577,0.05305746729012921,0.700036437389765
lyc0lh2d,cfg2,boot07,vn12,VN 12,66296,336,3.5,643,0.009698926028719681,32,0.7645050287246704,0.9785446618052719,0.9806264699671119,0.9302150313029562,1.0,1.0,0.7054536369991998,0.7188785707852862,0.4918592979771824,0.0560272324355211,0.7020719045528948
lyc0lh2d,cfg2,boot07,vn15,VN 15,66296,336,3.5,643,0.009698926028719681,32,0.7604373693466187,0.9787776454974397,0.9810683068285808,0.9336697550026944,1.0,1.0,0.7228395068302472,0.7355923629207081,0.5172220867412769,0.061091034209872164,0.6930089270183624
lyc0lh2d,cfg2,boot07,pooled512,Pooled embedding,66296,512,3.5,643,0.009698926028719681,32,0.6065056324005127,0.9841235136192132,0.9886023909995898,0.9640232264776087,1.0,1.0,0.8594512331997769,0.8607332709190847,0.7385354508137743,0.23235815456560732,0.8236291403322511
lyc0lh2d,cfg2,boot08,vn03,VN 3,66296,336,3.5,643,0.009698926028719681,32,0.7619521617889404,0.9779980198543746,0.9802769578671864,0.9262105160123485,0.9999999999999999,1.0,0.6843580212677918,0.6978519603464827,0.4629810119855221,0.04125240684140666,0.6797580066497407
lyc0lh2d,cfg2,boot08,vn06,VN 6,66296,336,3.5,643,0.009698926028719681,32,0.7525739669799805,0.9778692633110231,0.9800005769115926,0.9277483621830486,0.9999999999999999,1.0,0.691905014776115,0.706531740752715,0.474062409807643,0.05767168776253514,0.6800033348431486
lyc0lh2d,cfg2,boot08,vn09,VN 9,66296,336,3.5,643,0.009698926028719681,32,0.7597744464874268,0.9782983206396326,0.9805605490641395,0.9295550637630492,0.9999999999999999,1.0,0.7020675889638168,0.7178504942527056,0.4874752180861457,0.053966721465525114,0.6982756719496934
lyc0lh2d,cfg2,boot08,vn12,VN 12,66296,336,3.5,643,0.009698926028719681,32,0.7557629346847534,0.9780403617929851,0.9803603187415033,0.9332780049032232,0.9999999999999999,1.0,0.7197157580392829,0.7336722390016889,0.5143695392531569,0.06113261620560281,0.6990527913155928
lyc0lh2d,cfg2,boot08,vn15,VN 15,66296,336,3.5,643,0.009698926028719681,32,0.7506242990493774,0.9788001108989931,0.9812462064090193,0.9357538769491001,0.9999999999999999,1.0,0.7327239002982854,0.7472946581134687,0.5323424624525449,0.05995776296315705,0.6864394305145348
lyc0lh2d,cfg2,boot08,pooled512,Pooled embedding,66296,512,3.5,643,0.009698926028719681,32,0.6344519853591919,0.984210488191835,0.9884242829645299,0.9644517735113937,1.0,1.0,0.8614901134608167,0.8629260186325015,0.742075100921696,0.25653793693121696,0.830820135715656
lyc0lh2d,cfg2,boot09,vn03,VN 3,66296,336,3.5,643,0.009698926028719681,32,0.7749660015106201,0.9779166535622063,0.9798926350928154,0.9279112508573254,1.0,1.0,0.6931645836008374,0.7058130036326024,0.47567351806667535,0.039928867213010436,0.6708316634047441
lyc0lh2d,cfg2,boot09,vn06,VN 6,66296,336,3.5,643,0.009698926028719681,32,0.7619047164916992,0.9784260968983295,0.980599012299485,0.9322039683186674,0.9999999999999999,1.0,0.7153526991762,0.7286816064750038,0.5068088445680832,0.08016860869683932,0.7076096795160777
lyc0lh2d,cfg2,boot09,vn09,VN 9,66296,336,3.5,643,0.009698926028719681,32,0.7662709951400757,0.9792335309251682,0.9813561544358019,0.931534620818056,0.9999999999999999,1.0,0.7138590367657498,0.7298137072819988,0.5020099009003973,0.09142504519746256,0.6987725346790642
lyc0lh2d,cfg2,boot09,vn12,VN 12,66296,336,3.5,643,0.009698926028719681,32,0.7643480896949768,0.9783447841517061,0.9804251378487816,0.934025745462387,1.0,1.0,0.7239093274442495,0.7373080938083965,0.5200282227208675,0.08693715888754679,0.710304452134045
lyc0lh2d,cfg2,boot09,vn15,VN 15,66296,336,3.5,643,0.009698926028719681,32,0.7610883712768555,0.9786656369380158,0.9808384095134354,0.9356453523622557,1.0,1.0,0.7324751496974224,0.7458569740775555,0.5322402906415041,0.0868720409095679,0.7049603055832518
lyc0lh2d,cfg2,boot09,pooled512,Pooled embedding,66296,512,3.5,643,0.009698926028719681,32,0.606703519821167,0.983952017433099,0.9886804949267862,0.9635887840042039,1.0,1.0,0.8578181692630334,0.8585249246247274,0.735744409216482,0.2465980882802584,0.8165395546911316
lyc0lh2d,pretrained,frozen,vn03,VN 3,66296,336,3.5,643,0.009698926028719681,32,0.7939311265945435,0.9778097294129451,0.9796901725809825,0.9267010957346299,1.0,1.0,0.6861613890170911,0.7008806524659558,0.46605340673107465,0.04103966998868007,0.6782346456565704
lyc0lh2d,pretrained,frozen,vn06,VN 6,66296,336,3.5,643,0.009698926028719681,32,0.7720503211021423,0.9785260311583571,0.9805259350539783,0.9283438635902458,1.0,1.0,0.6963798446517463,0.7128452162542324,0.4785491467051274,0.0509288411272391,0.6802586595119698
lyc0lh2d,pretrained,frozen,vn09,VN 9,66296,336,3.5,643,0.009698926028719681,32,0.7687128782272339,0.9790820134765242,0.9809560140302751,0.927309529902173,0.9999999999999999,1.0,0.6924584685303374,0.7095773253915703,0.4710211956040731,0.0537254090136052,0.6956929569785099
lyc0lh2d,pretrained,frozen,vn12,VN 12,66296,336,3.5,643,0.009698926028719681,32,0.7634508609771729,0.9791613831569683,0.9812952390449523,0.9285628095920565,1.0,1.0,0.6990100190867059,0.7176309600888416,0.48015426742097833,0.047585862445989356,0.6784308679411353
lyc0lh2d,pretrained,frozen,vn15,VN 15,66296,336,3.5,643,0.009698926028719681,32,0.7549774050712585,0.9787581640274183,0.9808841467143117,0.9268501113157067,1.0,1.0,0.6892524805621825,0.7061362901893065,0.46758665316498005,0.053282375019718595,0.6874454739050656
lyc0lh2d,pretrained,frozen,pooled512,Pooled embedding,66296,512,3.5,643,0.009698926028719681,32,0.5511655807495117,0.9784469987475348,0.9802781563677743,0.9385151498784314,1.0,1.0,0.7453328991298989,0.7581661443864827,0.5529410049363213,0.09391109916945459,0.744111098837924
