timestamp, index, clocks.current.sm [MHz], clocks.max.sm [MHz], temperature.gpu, power.draw [W], power.limit [W], utilization.gpu [%], utilization.memory [%], clocks_event_reasons.active
2026/08/11 16:12:58.341, 0, 0, 2100, 48, 23.99, 300.00, 0, 0, 0x0000000000000001
2026/08/11 16:12:58.374, 1, 0, 2100, 46, 25.33, 300.00, 0, 0, 0x0000000000000001
2026/08/11 16:12:58.407, 2, 0, 2100, 33, 16.27, 300.00, 0, 0, 0x0000000000000001
2026/08/11 16:13:03.441, 0, 210, 2100, 49, 26.14, 300.00, 0, 0, 0x0000000000000001
2026/08/11 16:13:03.474, 1, 210, 2100, 46, 27.04, 300.00, 0, 0, 0x0000000000000001
2026/08/11 16:13:03.507, 2, 0, 2100, 33, 22.05, 300.00, 0, 0, 0x0000000000000001
2026/08/11 16:13:08.540, 0, 0, 2100, 49, 29.58, 300.00, 0, 0, 0x0000000000000001
2026/08/11 16:13:08.573, 1, 0, 2100, 46, 29.67, 300.00, 0, 0, 0x0000000000000001
2026/08/11 16:13:08.606, 2, 0, 2100, 33, 20.83, 300.00, 0, 0, 0x0000000000000001
2026/08/11 16:13:13.639, 0, 1800, 2100, 50, 80.69, 300.00, 0, 0, 0x0000000000000000
2026/08/11 16:13:13.661, 1, 1800, 2100, 48, 83.26, 300.00, 0, 0, 0x0000000000000000
2026/08/11 16:13:13.682, 2, 1800, 2100, 35, 64.93, 300.00, 0, 0, 0x0000000000000000
2026/08/11 16:13:18.704, 0, 1875, 2100, 59, 278.75, 300.00, 84, 57, 0x0000000000000004
2026/08/11 16:13:18.706, 1, 1800, 2100, 56, 240.19, 300.00, 85, 56, 0x0000000000000000
2026/08/11 16:13:18.728, 2, 1905, 2100, 45, 258.30, 300.00, 81, 55, 0x0000000000000000
2026/08/11 16:13:23.730, 0, 1890, 2100, 62, 277.84, 300.00, 85, 57, 0x0000000000000004
2026/08/11 16:13:23.732, 1, 1800, 2100, 59, 242.52, 300.00, 85, 56, 0x0000000000000000
2026/08/11 16:13:23.760, 2, 1905, 2100, 49, 255.88, 300.00, 76, 51, 0x0000000000000000
2026/08/11 16:13:28.762, 0, 1890, 2100, 65, 280.30, 300.00, 82, 55, 0x0000000000000004
2026/08/11 16:13:28.765, 1, 1800, 2100, 62, 244.00, 300.00, 83, 55, 0x0000000000000000
2026/08/11 16:13:28.787, 2, 1920, 2100, 52, 256.63, 300.00, 82, 56, 0x0000000000000000
2026/08/11 16:13:33.789, 0, 1890, 2100, 68, 272.74, 300.00, 79, 54, 0x0000000000000004
2026/08/11 16:13:33.791, 1, 1800, 2100, 64, 241.51, 300.00, 75, 50, 0x0000000000000000
2026/08/11 16:13:33.817, 2, 1920, 2100, 55, 252.61, 300.00, 63, 43, 0x0000000000000000
2026/08/11 16:13:38.819, 0, 1860, 2100, 71, 275.66, 300.00, 82, 54, 0x0000000000000004
2026/08/11 16:13:38.821, 1, 1800, 2100, 67, 255.94, 300.00, 85, 56, 0x0000000000000000
2026/08/11 16:13:38.844, 2, 1905, 2100, 58, 263.48, 300.00, 81, 55, 0x0000000000000004
2026/08/11 16:13:43.845, 0, 1830, 2100, 74, 284.81, 300.00, 84, 56, 0x0000000000000004
2026/08/11 16:13:43.847, 1, 1800, 2100, 70, 272.02, 300.00, 87, 57, 0x0000000000000000
2026/08/11 16:13:43.876, 2, 1905, 2100, 60, 282.39, 300.00, 82, 55, 0x0000000000000000
2026/08/11 16:13:48.877, 0, 1830, 2100, 75, 280.34, 300.00, 82, 55, 0x0000000000000004
2026/08/11 16:13:48.881, 1, 1800, 2100, 73, 259.91, 300.00, 84, 55, 0x0000000000000000
2026/08/11 16:13:48.906, 2, 1905, 2100, 63, 275.23, 300.00, 82, 56, 0x0000000000000004
2026/08/11 16:13:53.907, 0, 1845, 2100, 78, 279.98, 300.00, 83, 55, 0x0000000000000004
2026/08/11 16:13:53.909, 1, 1800, 2100, 75, 269.06, 300.00, 84, 55, 0x0000000000000000
2026/08/11 16:13:53.931, 2, 1905, 2100, 65, 269.46, 300.00, 81, 55, 0x0000000000000004
2026/08/11 16:13:58.933, 0, 1785, 2100, 79, 284.96, 300.00, 82, 54, 0x0000000000000004
2026/08/11 16:13:58.935, 1, 1800, 2100, 77, 276.63, 300.00, 84, 55, 0x0000000000000000
2026/08/11 16:13:58.958, 2, 1890, 2100, 67, 280.79, 300.00, 83, 56, 0x0000000000000004
2026/08/11 16:14:03.960, 0, 1845, 2100, 81, 285.66, 300.00, 83, 54, 0x0000000000000004
2026/08/11 16:14:03.961, 1, 1800, 2100, 79, 276.90, 300.00, 82, 54, 0x0000000000000000
2026/08/11 16:14:03.987, 2, 1860, 2100, 70, 284.05, 300.00, 84, 57, 0x0000000000000004
2026/08/11 16:14:08.991, 0, 1770, 2100, 82, 285.64, 300.00, 83, 55, 0x0000000000000004
2026/08/11 16:14:08.997, 1, 1785, 2100, 81, 280.73, 300.00, 82, 54, 0x0000000000000000
2026/08/11 16:14:09.026, 2, 1860, 2100, 71, 279.88, 300.00, 82, 55, 0x0000000000000004
2026/08/11 16:14:14.030, 0, 1800, 2100, 84, 287.99, 300.00, 87, 56, 0x0000000000000004
2026/08/11 16:14:14.033, 1, 1770, 2100, 82, 291.57, 300.00, 87, 57, 0x0000000000000004
2026/08/11 16:14:14.035, 2, 1860, 2100, 73, 286.66, 300.00, 86, 58, 0x0000000000000004
2026/08/11 16:14:19.036, 0, 1725, 2100, 84, 281.17, 300.00, 92, 62, 0x0000000000000004
2026/08/11 16:14:19.038, 1, 1755, 2100, 83, 268.12, 300.00, 92, 62, 0x0000000000000004
2026/08/11 16:14:19.040, 2, 1800, 2100, 74, 282.25, 300.00, 91, 63, 0x0000000000000004
2026/08/11 16:14:24.043, 0, 1710, 2100, 85, 288.70, 300.00, 92, 63, 0x0000000000000004
2026/08/11 16:14:24.045, 1, 1725, 2100, 84, 292.92, 300.00, 92, 62, 0x0000000000000004
2026/08/11 16:14:24.047, 2, 1815, 2100, 76, 282.54, 300.00, 92, 64, 0x0000000000000004
2026/08/11 16:14:29.049, 0, 1725, 2100, 86, 287.63, 300.00, 91, 62, 0x0000000000000004
2026/08/11 16:14:29.050, 1, 1725, 2100, 85, 292.51, 300.00, 92, 63, 0x0000000000000004
2026/08/11 16:14:29.052, 2, 1800, 2100, 77, 283.93, 300.00, 92, 64, 0x0000000000000004
2026/08/11 16:14:34.054, 0, 1680, 2100, 87, 285.84, 300.00, 92, 62, 0x0000000000000020
2026/08/11 16:14:34.055, 1, 1635, 2100, 85, 292.25, 300.00, 93, 63, 0x0000000000000004
2026/08/11 16:14:34.062, 2, 1785, 2100, 78, 280.11, 300.00, 86, 60, 0x0000000000000004
2026/08/11 16:14:39.064, 0, 1650, 2100, 87, 277.70, 300.00, 92, 62, 0x0000000000000020
2026/08/11 16:14:39.067, 1, 1680, 2100, 86, 291.54, 300.00, 91, 62, 0x0000000000000004
2026/08/11 16:14:39.068, 2, 1800, 2100, 78, 281.60, 300.00, 89, 62, 0x0000000000000004
2026/08/11 16:14:44.070, 0, 1650, 2100, 87, 275.62, 300.00, 90, 60, 0x0000000000000024
2026/08/11 16:14:44.072, 1, 1710, 2100, 87, 288.01, 300.00, 89, 60, 0x0000000000000004
2026/08/11 16:14:44.077, 2, 1725, 2100, 79, 283.56, 300.00, 92, 64, 0x0000000000000004
2026/08/11 16:14:49.079, 0, 1620, 2100, 87, 274.65, 300.00, 94, 62, 0x0000000000000020
2026/08/11 16:14:49.084, 1, 1650, 2100, 87, 285.09, 300.00, 92, 61, 0x0000000000000020
2026/08/11 16:14:49.085, 2, 1770, 2100, 80, 285.35, 300.00, 92, 63, 0x0000000000000004
2026/08/11 16:14:54.087, 0, 1605, 2100, 87, 275.83, 300.00, 92, 61, 0x0000000000000020
2026/08/11 16:14:54.089, 1, 1635, 2100, 87, 281.04, 300.00, 92, 61, 0x0000000000000004
2026/08/11 16:14:54.093, 2, 1725, 2100, 81, 284.75, 300.00, 92, 63, 0x0000000000000004
2026/08/11 16:14:59.096, 0, 1590, 2100, 88, 274.57, 300.00, 92, 61, 0x0000000000000020
2026/08/11 16:14:59.100, 1, 1665, 2100, 87, 281.74, 300.00, 89, 60, 0x0000000000000020
2026/08/11 16:14:59.101, 2, 1785, 2100, 81, 286.69, 300.00, 92, 64, 0x0000000000000004
2026/08/11 16:15:04.103, 0, 1635, 2100, 88, 272.22, 300.00, 93, 62, 0x0000000000000020
2026/08/11 16:15:04.104, 1, 1680, 2100, 87, 278.59, 300.00, 93, 62, 0x0000000000000020
2026/08/11 16:15:04.107, 2, 1770, 2100, 81, 286.69, 300.00, 92, 64, 0x0000000000000004
2026/08/11 16:15:09.109, 0, 1635, 2100, 88, 271.13, 300.00, 92, 61, 0x0000000000000020
2026/08/11 16:15:09.111, 1, 1620, 2100, 87, 283.54, 300.00, 90, 60, 0x0000000000000020
2026/08/11 16:15:09.113, 2, 1770, 2100, 81, 286.06, 300.00, 91, 62, 0x0000000000000004
2026/08/11 16:15:14.115, 0, 1605, 2100, 88, 275.10, 300.00, 92, 62, 0x0000000000000020
2026/08/11 16:15:14.116, 1, 1635, 2100, 87, 278.53, 300.00, 91, 61, 0x0000000000000020
2026/08/11 16:15:14.118, 2, 1785, 2100, 82, 286.66, 300.00, 92, 63, 0x0000000000000004
2026/08/11 16:15:19.120, 0, 1620, 2100, 87, 261.54, 300.00, 87, 55, 0x0000000000000020
2026/08/11 16:15:19.121, 1, 1650, 2100, 87, 270.66, 300.00, 88, 57, 0x0000000000000020
2026/08/11 16:15:19.125, 2, 1830, 2100, 82, 288.83, 300.00, 85, 56, 0x0000000000000004
2026/08/11 16:15:24.127, 0, 1590, 2100, 88, 259.36, 300.00, 93, 62, 0x0000000000000020
2026/08/11 16:15:24.129, 1, 1635, 2100, 87, 265.27, 300.00, 91, 61, 0x0000000000000004
2026/08/11 16:15:24.131, 2, 1785, 2100, 82, 284.40, 300.00, 91, 63, 0x0000000000000004
2026/08/11 16:15:29.133, 0, 1590, 2100, 88, 266.32, 300.00, 93, 62, 0x0000000000000020
2026/08/11 16:15:29.134, 1, 1605, 2100, 87, 279.39, 300.00, 91, 61, 0x0000000000000020
2026/08/11 16:15:29.137, 2, 1770, 2100, 83, 284.14, 300.00, 92, 63, 0x0000000000000004
2026/08/11 16:15:34.139, 0, 1560, 2100, 88, 266.07, 300.00, 93, 62, 0x0000000000000020
2026/08/11 16:15:34.141, 1, 1620, 2100, 87, 278.58, 300.00, 92, 61, 0x0000000000000020
2026/08/11 16:15:34.142, 2, 1755, 2100, 83, 285.61, 300.00, 89, 61, 0x0000000000000004
2026/08/11 16:15:39.144, 0, 1620, 2100, 88, 266.44, 300.00, 92, 60, 0x0000000000000020
2026/08/11 16:15:39.148, 1, 1605, 2100, 87, 276.28, 300.00, 92, 61, 0x0000000000000020
2026/08/11 16:15:39.150, 2, 1785, 2100, 83, 285.32, 300.00, 91, 63, 0x0000000000000004
2026/08/11 16:15:44.152, 0, 1575, 2100, 88, 262.80, 300.00, 92, 60, 0x0000000000000020
2026/08/11 16:15:44.153, 1, 1620, 2100, 87, 273.84, 300.00, 93, 62, 0x0000000000000020
2026/08/11 16:15:44.157, 2, 1755, 2100, 83, 286.66, 300.00, 92, 63, 0x0000000000000004
2026/08/11 16:15:49.160, 0, 1590, 2100, 88, 263.65, 300.00, 93, 62, 0x0000000000000020
2026/08/11 16:15:49.165, 1, 1635, 2100, 87, 274.37, 300.00, 90, 60, 0x0000000000000020
2026/08/11 16:15:49.167, 2, 1770, 2100, 83, 285.76, 300.00, 91, 62, 0x0000000000000004
2026/08/11 16:15:54.169, 0, 1560, 2100, 88, 263.20, 300.00, 92, 61, 0x0000000000000020
2026/08/11 16:15:54.170, 1, 1605, 2100, 87, 273.57, 300.00, 92, 61, 0x0000000000000020
2026/08/11 16:15:54.173, 2, 1710, 2100, 84, 284.90, 300.00, 90, 62, 0x0000000000000004
2026/08/11 16:15:59.177, 0, 1575, 2100, 88, 262.98, 300.00, 93, 61, 0x0000000000000020
2026/08/11 16:15:59.181, 1, 1620, 2100, 87, 272.67, 300.00, 93, 61, 0x0000000000000020
2026/08/11 16:15:59.183, 2, 1755, 2100, 84, 284.72, 300.00, 93, 64, 0x0000000000000004
2026/08/11 16:16:04.184, 0, 1560, 2100, 88, 264.15, 300.00, 93, 61, 0x0000000000000020
2026/08/11 16:16:04.186, 1, 1590, 2100, 88, 277.00, 300.00, 91, 61, 0x0000000000000020
2026/08/11 16:16:04.188, 2, 1770, 2100, 84, 286.72, 300.00, 91, 62, 0x0000000000000004
2026/08/11 16:16:09.192, 0, 1590, 2100, 88, 261.39, 300.00, 93, 61, 0x0000000000000020
2026/08/11 16:16:09.194, 1, 1590, 2100, 87, 277.85, 300.00, 93, 62, 0x0000000000000020
2026/08/11 16:16:09.195, 2, 1770, 2100, 84, 284.48, 300.00, 89, 61, 0x0000000000000004
2026/08/11 16:16:14.197, 0, 1545, 2100, 88, 262.95, 300.00, 93, 61, 0x0000000000000020
2026/08/11 16:16:14.198, 1, 1605, 2100, 88, 273.57, 300.00, 92, 61, 0x0000000000000020
2026/08/11 16:16:14.200, 2, 1770, 2100, 84, 285.32, 300.00, 91, 62, 0x0000000000000004
2026/08/11 16:16:19.202, 0, 1560, 2100, 88, 260.46, 300.00, 92, 60, 0x0000000000000020
2026/08/11 16:16:19.203, 1, 1620, 2100, 87, 272.94, 300.00, 91, 60, 0x0000000000000020
2026/08/11 16:16:19.206, 2, 1860, 2100, 83, 270.77, 300.00, 49, 32, 0x0000000000000004
2026/08/11 16:16:24.208, 0, 1575, 2100, 88, 250.72, 300.00, 88, 55, 0x0000000000000020
2026/08/11 16:16:24.210, 1, 1620, 2100, 87, 263.53, 300.00, 88, 55, 0x0000000000000020
2026/08/11 16:16:24.212, 2, 1800, 2100, 84, 289.72, 300.00, 87, 57, 0x0000000000000020
2026/08/11 16:16:29.214, 0, 1605, 2100, 86, 247.86, 300.00, 72, 44, 0x0000000000000020
2026/08/11 16:16:29.215, 1, 1800, 2100, 85, 228.95, 300.00, 0, 0, 0x0000000000000020
2026/08/11 16:16:29.224, 2, 525, 2100, 76, 93.78, 300.00, 0, 0, 0x0000000000000001
2026/08/11 16:16:34.247, 0, 345, 2100, 82, 73.23, 300.00, 0, 0, 0x0000000000000001
2026/08/11 16:16:34.270, 1, 330, 2100, 80, 72.14, 300.00, 0, 0, 0x0000000000000001
2026/08/11 16:16:34.297, 2, 1800, 2100, 73, 39.88, 300.00, 0, 0, 0x0000000000000000
2026/08/11 16:16:39.322, 0, 1800, 2100, 80, 114.00, 300.00, 0, 0, 0x0000000000000000
2026/08/11 16:16:39.347, 1, 1800, 2100, 79, 116.76, 300.00, 0, 0, 0x0000000000000000
2026/08/11 16:16:39.368, 2, 1860, 2100, 79, 286.38, 300.00, 82, 55, 0x0000000000000004
2026/08/11 16:16:44.369, 0, 1800, 2100, 85, 288.04, 300.00, 85, 56, 0x0000000000000020
2026/08/11 16:16:44.371, 1, 1800, 2100, 83, 288.14, 300.00, 84, 55, 0x0000000000000004
2026/08/11 16:16:44.373, 2, 1860, 2100, 79, 289.44, 300.00, 83, 55, 0x0000000000000004
2026/08/11 16:16:49.376, 0, 1770, 2100, 86, 287.34, 300.00, 83, 54, 0x0000000000000020
2026/08/11 16:16:49.378, 1, 1800, 2100, 84, 287.81, 300.00, 83, 55, 0x0000000000000020
2026/08/11 16:16:49.379, 2, 1860, 2100, 80, 289.00, 300.00, 83, 55, 0x0000000000000004
2026/08/11 16:16:54.381, 0, 1725, 2100, 86, 277.37, 300.00, 85, 55, 0x0000000000000020
2026/08/11 16:16:54.385, 1, 1800, 2100, 85, 290.92, 300.00, 84, 55, 0x0000000000000020
2026/08/11 16:16:54.387, 2, 1830, 2100, 81, 286.70, 300.00, 82, 54, 0x0000000000000004
2026/08/11 16:16:59.388, 0, 1800, 2100, 87, 278.93, 300.00, 81, 53, 0x0000000000000024
2026/08/11 16:16:59.390, 1, 1755, 2100, 86, 284.62, 300.00, 84, 55, 0x0000000000000024
2026/08/11 16:16:59.392, 2, 1845, 2100, 81, 287.61, 300.00, 81, 54, 0x0000000000000004
2026/08/11 16:17:04.397, 0, 1665, 2100, 87, 264.69, 300.00, 84, 54, 0x0000000000000020
2026/08/11 16:17:04.402, 1, 1710, 2100, 86, 278.72, 300.00, 83, 55, 0x0000000000000020
2026/08/11 16:17:04.404, 2, 1800, 2100, 82, 290.99, 300.00, 87, 58, 0x0000000000000004
2026/08/11 16:17:09.405, 0, 1650, 2100, 87, 267.21, 300.00, 88, 57, 0x0000000000000020
2026/08/11 16:17:09.407, 1, 1680, 2100, 87, 278.12, 300.00, 87, 55, 0x0000000000000020
2026/08/11 16:17:09.411, 2, 1785, 2100, 82, 262.69, 300.00, 83, 55, 0x0000000000000004
2026/08/11 16:17:14.414, 0, 1665, 2100, 87, 257.96, 300.00, 84, 54, 0x0000000000000020
2026/08/11 16:17:14.419, 1, 1680, 2100, 87, 260.94, 300.00, 82, 53, 0x0000000000000020
2026/08/11 16:17:14.420, 2, 1830, 2100, 83, 288.14, 300.00, 85, 57, 0x0000000000000004
2026/08/11 16:17:19.422, 0, 1620, 2100, 87, 253.20, 300.00, 84, 54, 0x0000000000000020
2026/08/11 16:17:19.424, 1, 1680, 2100, 87, 264.61, 300.00, 84, 54, 0x0000000000000020
2026/08/11 16:17:19.425, 2, 1815, 2100, 83, 287.07, 300.00, 82, 55, 0x0000000000000004
2026/08/11 16:17:24.431, 0, 1620, 2100, 87, 255.83, 300.00, 84, 54, 0x0000000000000020
2026/08/11 16:17:24.436, 1, 1725, 2100, 87, 267.81, 300.00, 83, 54, 0x0000000000000020
2026/08/11 16:17:24.437, 2, 1845, 2100, 84, 285.27, 300.00, 80, 53, 0x0000000000000004
2026/08/11 16:17:29.439, 0, 1710, 2100, 88, 260.72, 300.00, 84, 54, 0x0000000000000024
2026/08/11 16:17:29.440, 1, 1635, 2100, 87, 261.66, 300.00, 84, 54, 0x0000000000000020
2026/08/11 16:17:29.442, 2, 1815, 2100, 84, 279.11, 300.00, 82, 54, 0x0000000000000004
2026/08/11 16:17:34.448, 0, 1605, 2100, 88, 255.16, 300.00, 84, 54, 0x0000000000000020
2026/08/11 16:17:34.452, 1, 1635, 2100, 87, 263.14, 300.00, 82, 53, 0x0000000000000020
2026/08/11 16:17:34.454, 2, 1860, 2100, 83, 281.14, 300.00, 83, 55, 0x0000000000000024
2026/08/11 16:17:39.456, 0, 1650, 2100, 88, 241.64, 300.00, 50, 32, 0x0000000000000020
2026/08/11 16:17:39.457, 1, 1620, 2100, 88, 263.81, 300.00, 83, 54, 0x0000000000000020
2026/08/11 16:17:39.462, 2, 1800, 2100, 84, 286.29, 300.00, 85, 56, 0x0000000000000020
2026/08/11 16:17:44.465, 0, 1575, 2100, 88, 254.41, 300.00, 89, 56, 0x0000000000000020
2026/08/11 16:17:44.469, 1, 1620, 2100, 87, 262.26, 300.00, 88, 55, 0x0000000000000020
2026/08/11 16:17:44.471, 2, 1770, 2100, 84, 286.19, 300.00, 92, 63, 0x0000000000000004
2026/08/11 16:17:49.473, 0, 1560, 2100, 88, 262.78, 300.00, 92, 61, 0x0000000000000020
2026/08/11 16:17:49.474, 1, 1575, 2100, 88, 272.32, 300.00, 92, 61, 0x0000000000000020
2026/08/11 16:17:49.477, 2, 1755, 2100, 84, 286.93, 300.00, 93, 64, 0x0000000000000004
2026/08/11 16:17:54.481, 0, 1545, 2100, 88, 262.21, 300.00, 90, 60, 0x0000000000000020
2026/08/11 16:17:54.486, 1, 1590, 2100, 88, 269.89, 300.00, 92, 61, 0x0000000000000020
2026/08/11 16:17:54.488, 2, 1740, 2100, 84, 287.76, 300.00, 92, 63, 0x0000000000000004
2026/08/11 16:17:59.490, 0, 1545, 2100, 88, 261.72, 300.00, 92, 60, 0x0000000000000020
2026/08/11 16:17:59.491, 1, 1560, 2100, 88, 268.48, 300.00, 90, 59, 0x0000000000000020
2026/08/11 16:17:59.494, 2, 1710, 2100, 84, 286.44, 300.00, 90, 61, 0x0000000000000004
2026/08/11 16:18:04.498, 0, 1560, 2100, 88, 260.89, 300.00, 94, 61, 0x0000000000000020
2026/08/11 16:18:04.503, 1, 1575, 2100, 88, 266.46, 300.00, 92, 61, 0x0000000000000020
2026/08/11 16:18:04.505, 2, 1695, 2100, 85, 287.59, 300.00, 92, 63, 0x0000000000000004
2026/08/11 16:18:09.506, 0, 1560, 2100, 88, 257.93, 300.00, 92, 60, 0x0000000000000020
2026/08/11 16:18:09.508, 1, 1575, 2100, 88, 266.99, 300.00, 92, 61, 0x0000000000000020
2026/08/11 16:18:09.511, 2, 1755, 2100, 84, 287.52, 300.00, 92, 63, 0x0000000000000004
2026/08/11 16:18:14.515, 0, 1545, 2100, 88, 256.96, 300.00, 92, 60, 0x0000000000000020
2026/08/11 16:18:14.520, 1, 1575, 2100, 88, 264.18, 300.00, 87, 57, 0x0000000000000020
2026/08/11 16:18:14.522, 2, 1755, 2100, 85, 288.66, 300.00, 92, 63, 0x0000000000000004
2026/08/11 16:18:19.524, 0, 1545, 2100, 88, 260.27, 300.00, 93, 60, 0x0000000000000020
2026/08/11 16:18:19.526, 1, 1575, 2100, 88, 266.60, 300.00, 91, 60, 0x0000000000000020
2026/08/11 16:18:19.527, 2, 1740, 2100, 85, 287.66, 300.00, 93, 64, 0x0000000000000004
2026/08/11 16:18:24.530, 0, 1515, 2100, 88, 257.31, 300.00, 93, 61, 0x0000000000000020
2026/08/11 16:18:24.533, 1, 1620, 2100, 88, 268.05, 300.00, 93, 61, 0x0000000000000020
2026/08/11 16:18:24.534, 2, 1770, 2100, 85, 288.37, 300.00, 92, 63, 0x0000000000000004
2026/08/11 16:18:29.536, 0, 1530, 2100, 88, 257.95, 300.00, 92, 59, 0x0000000000000020
2026/08/11 16:18:29.539, 1, 1545, 2100, 88, 267.68, 300.00, 92, 60, 0x0000000000000020
2026/08/11 16:18:29.541, 2, 1755, 2100, 85, 288.52, 300.00, 92, 63, 0x0000000000000004
2026/08/11 16:18:34.549, 0, 1515, 2100, 88, 257.04, 300.00, 93, 61, 0x0000000000000020
2026/08/11 16:18:34.552, 1, 1530, 2100, 88, 267.86, 300.00, 92, 60, 0x0000000000000020
2026/08/11 16:18:34.554, 2, 1755, 2100, 85, 285.77, 300.00, 90, 61, 0x0000000000000004
2026/08/11 16:18:39.555, 0, 1530, 2100, 88, 257.02, 300.00, 90, 58, 0x0000000000000020
2026/08/11 16:18:39.557, 1, 1560, 2100, 88, 268.54, 300.00, 92, 60, 0x0000000000000020
2026/08/11 16:18:39.561, 2, 1800, 2100, 85, 283.12, 300.00, 86, 56, 0x0000000000000020
2026/08/11 16:18:44.564, 0, 1530, 2100, 88, 257.39, 300.00, 92, 59, 0x0000000000000020
2026/08/11 16:18:44.567, 1, 1590, 2100, 88, 266.28, 300.00, 91, 60, 0x0000000000000020
2026/08/11 16:18:44.568, 2, 1860, 2100, 83, 270.10, 300.00, 46, 29, 0x0000000000000004
2026/08/11 16:18:49.570, 0, 1545, 2100, 88, 250.18, 300.00, 88, 56, 0x0000000000000020
2026/08/11 16:18:49.571, 1, 1575, 2100, 88, 257.82, 300.00, 88, 55, 0x0000000000000020
2026/08/11 16:18:49.581, 2, 1770, 2100, 85, 286.99, 300.00, 91, 62, 0x0000000000000004
2026/08/11 16:18:54.583, 0, 1530, 2100, 88, 260.15, 300.00, 92, 60, 0x0000000000000020
2026/08/11 16:18:54.587, 1, 1560, 2100, 88, 267.90, 300.00, 92, 60, 0x0000000000000020
2026/08/11 16:18:54.589, 2, 1695, 2100, 85, 286.54, 300.00, 90, 62, 0x0000000000000004
2026/08/11 16:18:59.590, 0, 1590, 2100, 88, 257.81, 300.00, 93, 61, 0x0000000000000020
2026/08/11 16:18:59.592, 1, 1635, 2100, 88, 266.20, 300.00, 92, 61, 0x0000000000000020
2026/08/11 16:18:59.595, 2, 1755, 2100, 85, 288.75, 300.00, 92, 63, 0x0000000000000004
2026/08/11 16:19:04.598, 0, 1530, 2100, 88, 258.20, 300.00, 92, 60, 0x0000000000000020
2026/08/11 16:19:04.600, 1, 1575, 2100, 88, 268.18, 300.00, 92, 60, 0x0000000000000020
2026/08/11 16:19:04.601, 2, 1770, 2100, 85, 288.84, 300.00, 91, 62, 0x0000000000000004
2026/08/11 16:19:09.603, 0, 1575, 2100, 88, 259.84, 300.00, 92, 60, 0x0000000000000020
2026/08/11 16:19:09.605, 1, 1575, 2100, 88, 268.34, 300.00, 92, 61, 0x0000000000000020
2026/08/11 16:19:09.607, 2, 1770, 2100, 85, 288.59, 300.00, 90, 62, 0x0000000000000004
2026/08/11 16:19:14.609, 0, 1515, 2100, 88, 259.47, 300.00, 93, 61, 0x0000000000000020
2026/08/11 16:19:14.611, 1, 1560, 2100, 88, 268.17, 300.00, 91, 60, 0x0000000000000020
2026/08/11 16:19:14.612, 2, 1770, 2100, 85, 287.54, 300.00, 92, 63, 0x0000000000000004
2026/08/11 16:19:19.615, 0, 1590, 2100, 88, 257.65, 300.00, 93, 61, 0x0000000000000020
2026/08/11 16:19:19.620, 1, 1620, 2100, 88, 266.90, 300.00, 92, 60, 0x0000000000000020
2026/08/11 16:19:19.621, 2, 1755, 2100, 85, 286.84, 300.00, 91, 62, 0x0000000000000004
2026/08/11 16:19:24.623, 0, 1515, 2100, 88, 257.17, 300.00, 92, 60, 0x0000000000000020
2026/08/11 16:19:24.625, 1, 1620, 2100, 88, 266.52, 300.00, 92, 61, 0x0000000000000020
2026/08/11 16:19:24.627, 2, 1755, 2100, 85, 288.64, 300.00, 91, 63, 0x0000000000000004
2026/08/11 16:19:29.631, 0, 1485, 2100, 88, 262.10, 300.00, 90, 60, 0x0000000000000020
2026/08/11 16:19:29.635, 1, 1590, 2100, 88, 265.71, 300.00, 90, 59, 0x0000000000000020
2026/08/11 16:19:29.636, 2, 1740, 2100, 85, 286.50, 300.00, 84, 58, 0x0000000000000004
2026/08/11 16:19:34.638, 0, 1515, 2100, 88, 257.44, 300.00, 92, 60, 0x0000000000000020
2026/08/11 16:19:34.639, 1, 1590, 2100, 88, 266.42, 300.00, 92, 60, 0x0000000000000020
2026/08/11 16:19:34.644, 2, 1755, 2100, 85, 289.27, 300.00, 91, 63, 0x0000000000000004
2026/08/11 16:19:39.648, 0, 1530, 2100, 88, 257.49, 300.00, 92, 60, 0x0000000000000020
2026/08/11 16:19:39.652, 1, 1530, 2100, 88, 265.52, 300.00, 88, 58, 0x0000000000000020
2026/08/11 16:19:39.654, 2, 1755, 2100, 85, 288.61, 300.00, 91, 63, 0x0000000000000004
2026/08/11 16:19:44.656, 0, 1635, 2100, 88, 257.55, 300.00, 91, 60, 0x0000000000000020
2026/08/11 16:19:44.657, 1, 1560, 2100, 88, 269.97, 300.00, 93, 61, 0x0000000000000020
2026/08/11 16:19:44.659, 2, 1800, 2100, 85, 289.86, 300.00, 88, 57, 0x0000000000000020
2026/08/11 16:19:49.662, 0, 1530, 2100, 88, 260.36, 300.00, 94, 61, 0x0000000000000020
2026/08/11 16:19:49.665, 1, 1590, 2100, 88, 267.69, 300.00, 90, 59, 0x0000000000000020
2026/08/11 16:19:49.666, 2, 1860, 2100, 81, 139.53, 300.00, 0, 0, 0x0000000000000000
2026/08/11 16:19:54.668, 0, 1560, 2100, 88, 246.49, 300.00, 86, 54, 0x0000000000000020
2026/08/11 16:19:54.670, 1, 1590, 2100, 88, 261.13, 300.00, 89, 56, 0x0000000000000020
2026/08/11 16:19:54.672, 2, 0, 2100, 74, 60.08, 300.00, 0, 0, 0x0000000000000001
2026/08/11 16:19:59.699, 0, 1800, 2100, 85, 130.02, 300.00, 0, 0, 0x0000000000000020
2026/08/11 16:19:59.701, 1, 1800, 2100, 85, 157.32, 300.00, 0, 0, 0x0000000000000020
2026/08/11 16:19:59.702, 2, 1800, 2100, 73, 94.19, 300.00, 0, 0, 0x0000000000000000
2026/08/11 16:20:04.724, 0, 0, 2100, 81, 65.62, 300.00, 0, 0, 0x0000000000000001
2026/08/11 16:20:04.750, 1, 0, 2100, 79, 74.43, 300.00, 0, 0, 0x0000000000000001
2026/08/11 16:20:04.784, 2, 1860, 2100, 79, 288.54, 300.00, 84, 56, 0x0000000000000004
2026/08/11 16:20:09.786, 0, 1815, 2100, 83, 152.94, 300.00, 62, 40, 0x0000000000000004
2026/08/11 16:20:09.788, 1, 1800, 2100, 79, 117.44, 300.00, 0, 0, 0x0000000000000000
2026/08/11 16:20:09.809, 2, 1830, 2100, 80, 289.03, 300.00, 83, 56, 0x0000000000000004
2026/08/11 16:20:14.812, 0, 1800, 2100, 85, 285.08, 300.00, 73, 48, 0x0000000000000024
2026/08/11 16:20:14.813, 1, 1800, 2100, 84, 290.82, 300.00, 84, 55, 0x0000000000000024
2026/08/11 16:20:14.815, 2, 1830, 2100, 81, 285.10, 300.00, 84, 56, 0x0000000000000004
2026/08/11 16:20:19.816, 0, 1755, 2100, 86, 281.58, 300.00, 84, 55, 0x0000000000000020
2026/08/11 16:20:19.819, 1, 1770, 2100, 85, 290.90, 300.00, 85, 56, 0x0000000000000004
2026/08/11 16:20:19.820, 2, 1845, 2100, 82, 284.16, 300.00, 73, 48, 0x0000000000000004
2026/08/11 16:20:24.822, 0, 1710, 2100, 86, 273.58, 300.00, 85, 55, 0x0000000000000020
2026/08/11 16:20:24.824, 1, 1755, 2100, 86, 286.46, 300.00, 82, 54, 0x0000000000000004
2026/08/11 16:20:24.828, 2, 1815, 2100, 82, 286.86, 300.00, 83, 55, 0x0000000000000004
2026/08/11 16:20:29.833, 0, 1695, 2100, 87, 267.85, 300.00, 82, 53, 0x0000000000000020
2026/08/11 16:20:29.837, 1, 1785, 2100, 86, 276.47, 300.00, 76, 49, 0x0000000000000020
2026/08/11 16:20:29.839, 2, 1815, 2100, 83, 291.08, 300.00, 87, 57, 0x0000000000000004
2026/08/11 16:20:34.841, 0, 1635, 2100, 87, 271.92, 300.00, 84, 54, 0x0000000000000020
2026/08/11 16:20:34.843, 1, 1665, 2100, 87, 273.22, 300.00, 84, 54, 0x0000000000000020
2026/08/11 16:20:34.844, 2, 1845, 2100, 83, 288.35, 300.00, 82, 55, 0x0000000000000004
2026/08/11 16:20:39.850, 0, 1635, 2100, 87, 263.30, 300.00, 88, 55, 0x0000000000000020
2026/08/11 16:20:39.851, 1, 1665, 2100, 87, 273.07, 300.00, 87, 55, 0x0000000000000020
2026/08/11 16:20:39.853, 2, 1800, 2100, 83, 284.92, 300.00, 83, 55, 0x0000000000000004
2026/08/11 16:20:44.855, 0, 1650, 2100, 87, 258.09, 300.00, 84, 54, 0x0000000000000020
2026/08/11 16:20:44.856, 1, 1665, 2100, 87, 267.96, 300.00, 85, 55, 0x0000000000000020
2026/08/11 16:20:44.861, 2, 1845, 2100, 84, 285.02, 300.00, 83, 55, 0x0000000000000004
2026/08/11 16:20:49.865, 0, 1620, 2100, 87, 255.11, 300.00, 85, 54, 0x0000000000000020
2026/08/11 16:20:49.871, 1, 1590, 2100, 88, 268.75, 300.00, 58, 38, 0x0000000000000020
2026/08/11 16:20:49.874, 2, 1800, 2100, 84, 282.03, 300.00, 81, 53, 0x0000000000000020
2026/08/11 16:20:54.876, 0, 1605, 2100, 88, 253.10, 300.00, 84, 54, 0x0000000000000020
2026/08/11 16:20:54.877, 1, 1695, 2100, 87, 265.87, 300.00, 82, 52, 0x0000000000000020
2026/08/11 16:20:54.878, 2, 1800, 2100, 84, 278.98, 300.00, 82, 54, 0x0000000000000004
2026/08/11 16:20:59.883, 0, 1650, 2100, 88, 258.43, 300.00, 84, 54, 0x0000000000000020
2026/08/11 16:20:59.888, 1, 1620, 2100, 87, 260.46, 300.00, 84, 54, 0x0000000000000020
2026/08/11 16:20:59.890, 2, 1800, 2100, 84, 285.54, 300.00, 87, 57, 0x0000000000000020
2026/08/11 16:21:04.892, 0, 1590, 2100, 88, 273.11, 300.00, 84, 53, 0x0000000000000020
2026/08/11 16:21:04.894, 1, 1620, 2100, 87, 258.16, 300.00, 84, 54, 0x0000000000000020
2026/08/11 16:21:04.895, 2, 1770, 2100, 84, 263.15, 300.00, 91, 62, 0x0000000000000004
2026/08/11 16:21:09.899, 0, 1575, 2100, 88, 266.45, 300.00, 87, 54, 0x0000000000000020
2026/08/11 16:21:09.902, 1, 1635, 2100, 87, 255.74, 300.00, 89, 57, 0x0000000000000020
2026/08/11 16:21:09.903, 2, 1770, 2100, 84, 287.26, 300.00, 90, 62, 0x0000000000000004
2026/08/11 16:21:14.905, 0, 1620, 2100, 88, 240.16, 300.00, 67, 45, 0x0000000000000020
2026/08/11 16:21:14.907, 1, 1605, 2100, 87, 262.88, 300.00, 88, 55, 0x0000000000000020
2026/08/11 16:21:14.912, 2, 1695, 2100, 84, 287.65, 300.00, 90, 62, 0x0000000000000004
2026/08/11 16:21:19.917, 0, 1530, 2100, 88, 262.20, 300.00, 92, 60, 0x0000000000000020
2026/08/11 16:21:19.922, 1, 1590, 2100, 88, 271.92, 300.00, 92, 61, 0x0000000000000020
2026/08/11 16:21:19.933, 2, 1770, 2100, 84, 286.45, 300.00, 89, 61, 0x0000000000000004
2026/08/11 16:21:24.935, 0, 1620, 2100, 88, 260.23, 300.00, 93, 61, 0x0000000000000020
2026/08/11 16:21:24.940, 1, 1590, 2100, 88, 271.47, 300.00, 92, 61, 0x0000000000000020
2026/08/11 16:21:24.943, 2, 1725, 2100, 85, 287.56, 300.00, 91, 63, 0x0000000000000004
2026/08/11 16:21:29.944, 0, 1545, 2100, 88, 263.29, 300.00, 91, 60, 0x0000000000000020
2026/08/11 16:21:29.946, 1, 1605, 2100, 88, 269.61, 300.00, 92, 61, 0x0000000000000020
2026/08/11 16:21:29.947, 2, 1770, 2100, 85, 287.79, 300.00, 92, 64, 0x0000000000000004
2026/08/11 16:21:34.952, 0, 1545, 2100, 88, 260.75, 300.00, 93, 61, 0x0000000000000020
2026/08/11 16:21:34.957, 1, 1575, 2100, 88, 268.90, 300.00, 92, 61, 0x0000000000000020
2026/08/11 16:21:34.959, 2, 1695, 2100, 85, 288.10, 300.00, 92, 63, 0x0000000000000004
2026/08/11 16:21:39.961, 0, 1545, 2100, 88, 258.79, 300.00, 92, 60, 0x0000000000000020
2026/08/11 16:21:39.963, 1, 1575, 2100, 88, 265.74, 300.00, 92, 60, 0x0000000000000020
2026/08/11 16:21:39.964, 2, 1695, 2100, 85, 285.99, 300.00, 89, 61, 0x0000000000000004
2026/08/11 16:21:44.969, 0, 1530, 2100, 88, 259.79, 300.00, 93, 61, 0x0000000000000020
2026/08/11 16:21:44.974, 1, 1590, 2100, 88, 267.00, 300.00, 91, 60, 0x0000000000000020
2026/08/11 16:21:44.976, 2, 1755, 2100, 85, 286.74, 300.00, 91, 62, 0x0000000000000004
2026/08/11 16:21:49.978, 0, 1530, 2100, 88, 259.28, 300.00, 92, 60, 0x0000000000000020
2026/08/11 16:21:49.980, 1, 1575, 2100, 88, 266.67, 300.00, 91, 60, 0x0000000000000020
2026/08/11 16:21:49.981, 2, 1710, 2100, 85, 283.59, 300.00, 91, 63, 0x0000000000000004
2026/08/11 16:21:54.986, 0, 1590, 2100, 88, 257.77, 300.00, 93, 61, 0x0000000000000020
2026/08/11 16:21:54.991, 1, 1560, 2100, 88, 265.39, 300.00, 92, 60, 0x0000000000000020
2026/08/11 16:21:54.993, 2, 1755, 2100, 85, 285.53, 300.00, 92, 63, 0x0000000000000004
2026/08/11 16:21:59.995, 0, 1590, 2100, 88, 260.14, 300.00, 92, 60, 0x0000000000000020
2026/08/11 16:21:59.997, 1, 1620, 2100, 88, 265.20, 300.00, 92, 60, 0x0000000000000020
2026/08/11 16:21:59.998, 2, 1770, 2100, 85, 287.31, 300.00, 92, 63, 0x0000000000000004
2026/08/11 16:22:05.003, 0, 1530, 2100, 88, 256.24, 300.00, 92, 60, 0x0000000000000020
2026/08/11 16:22:05.008, 1, 1635, 2100, 88, 268.11, 300.00, 93, 62, 0x0000000000000020
2026/08/11 16:22:05.011, 2, 1800, 2100, 85, 286.34, 300.00, 86, 57, 0x0000000000000020
2026/08/11 16:22:10.012, 0, 1545, 2100, 88, 259.78, 300.00, 91, 59, 0x0000000000000020
2026/08/11 16:22:10.014, 1, 1560, 2100, 88, 267.01, 300.00, 94, 62, 0x0000000000000020
2026/08/11 16:22:10.015, 2, 1740, 2100, 85, 287.07, 300.00, 92, 63, 0x0000000000000004
2026/08/11 16:22:15.019, 0, 1695, 2100, 88, 247.71, 300.00, 61, 39, 0x0000000000000020
2026/08/11 16:22:15.024, 1, 1695, 2100, 87, 262.43, 300.00, 93, 61, 0x0000000000000020
2026/08/11 16:22:15.026, 2, 1725, 2100, 85, 287.22, 300.00, 90, 61, 0x0000000000000004
2026/08/11 16:22:20.028, 0, 1575, 2100, 88, 249.98, 300.00, 88, 55, 0x0000000000000020
2026/08/11 16:22:20.030, 1, 1605, 2100, 88, 256.31, 300.00, 81, 51, 0x0000000000000020
2026/08/11 16:22:20.031, 2, 1770, 2100, 85, 287.25, 300.00, 91, 62, 0x0000000000000004
2026/08/11 16:22:25.036, 0, 1560, 2100, 88, 262.82, 300.00, 93, 61, 0x0000000000000020
2026/08/11 16:22:25.042, 1, 1545, 2100, 88, 269.22, 300.00, 92, 60, 0x0000000000000020
2026/08/11 16:22:25.044, 2, 1740, 2100, 85, 286.97, 300.00, 92, 63, 0x0000000000000004
2026/08/11 16:22:30.046, 0, 1530, 2100, 88, 260.28, 300.00, 91, 60, 0x0000000000000020
2026/08/11 16:22:30.047, 1, 1560, 2100, 88, 267.99, 300.00, 93, 61, 0x0000000000000020
2026/08/11 16:22:30.049, 2, 1740, 2100, 85, 284.78, 300.00, 91, 62, 0x0000000000000004
2026/08/11 16:22:35.052, 0, 1635, 2100, 88, 260.71, 300.00, 92, 60, 0x0000000000000020
2026/08/11 16:22:35.054, 1, 1560, 2100, 88, 266.49, 300.00, 92, 60, 0x0000000000000020
2026/08/11 16:22:35.055, 2, 1770, 2100, 85, 287.83, 300.00, 92, 63, 0x0000000000000004
2026/08/11 16:22:40.057, 0, 1560, 2100, 88, 260.01, 300.00, 92, 59, 0x0000000000000020
2026/08/11 16:22:40.060, 1, 1560, 2100, 88, 266.11, 300.00, 93, 61, 0x0000000000000020
2026/08/11 16:22:40.064, 2, 1695, 2100, 85, 287.75, 300.00, 92, 63, 0x0000000000000004
2026/08/11 16:22:45.070, 0, 1530, 2100, 88, 260.36, 300.00, 91, 60, 0x0000000000000020
2026/08/11 16:22:45.075, 1, 1560, 2100, 88, 264.56, 300.00, 91, 60, 0x0000000000000020
2026/08/11 16:22:45.077, 2, 1770, 2100, 85, 287.32, 300.00, 92, 63, 0x0000000000000004
2026/08/11 16:22:50.079, 0, 1545, 2100, 88, 258.11, 300.00, 92, 60, 0x0000000000000020
2026/08/11 16:22:50.080, 1, 1545, 2100, 88, 267.79, 300.00, 91, 60, 0x0000000000000020
2026/08/11 16:22:50.082, 2, 1740, 2100, 85, 286.80, 300.00, 90, 62, 0x0000000000000004
2026/08/11 16:22:55.087, 0, 1560, 2100, 88, 259.41, 300.00, 93, 61, 0x0000000000000020
2026/08/11 16:22:55.092, 1, 1575, 2100, 88, 267.38, 300.00, 93, 61, 0x0000000000000020
2026/08/11 16:22:55.100, 2, 1695, 2100, 85, 287.58, 300.00, 91, 63, 0x0000000000000004
2026/08/11 16:23:00.105, 0, 1545, 2100, 88, 261.56, 300.00, 91, 59, 0x0000000000000020
2026/08/11 16:23:00.110, 1, 1560, 2100, 88, 266.44, 300.00, 92, 60, 0x0000000000000020
2026/08/11 16:23:00.112, 2, 1755, 2100, 85, 286.13, 300.00, 90, 62, 0x0000000000000004
2026/08/11 16:23:05.114, 0, 1515, 2100, 88, 259.53, 300.00, 91, 59, 0x0000000000000020
2026/08/11 16:23:05.116, 1, 1605, 2100, 88, 266.47, 300.00, 92, 60, 0x0000000000000020
2026/08/11 16:23:05.117, 2, 1755, 2100, 85, 287.80, 300.00, 91, 63, 0x0000000000000004
2026/08/11 16:23:10.123, 0, 1545, 2100, 88, 254.91, 300.00, 89, 58, 0x0000000000000020
2026/08/11 16:23:10.127, 1, 1560, 2100, 88, 266.54, 300.00, 92, 60, 0x0000000000000020
2026/08/11 16:23:10.129, 2, 1800, 2100, 85, 287.27, 300.00, 85, 56, 0x0000000000000024
2026/08/11 16:23:15.131, 0, 1545, 2100, 88, 258.39, 300.00, 90, 59, 0x0000000000000020
2026/08/11 16:23:15.133, 1, 1590, 2100, 88, 267.36, 300.00, 90, 58, 0x0000000000000020
2026/08/11 16:23:15.134, 2, 1800, 2100, 79, 111.59, 300.00, 0, 0, 0x0000000000000000
2026/08/11 16:23:20.156, 0, 1545, 2100, 88, 260.10, 300.00, 92, 60, 0x0000000000000020
2026/08/11 16:23:20.158, 1, 1575, 2100, 88, 266.43, 300.00, 92, 61, 0x0000000000000020
2026/08/11 16:23:20.160, 2, 210, 2100, 73, 38.92, 300.00, 0, 0, 0x0000000000000001
2026/08/11 16:23:25.193, 0, 1650, 2100, 88, 248.21, 300.00, 88, 55, 0x0000000000000020
2026/08/11 16:23:25.195, 1, 1590, 2100, 88, 262.68, 300.00, 88, 55, 0x0000000000000020
2026/08/11 16:23:25.197, 2, 1860, 2100, 78, 287.71, 300.00, 84, 56, 0x0000000000000004
2026/08/11 16:23:30.199, 0, 1800, 2100, 85, 129.51, 300.00, 25, 2, 0x0000000000000020
2026/08/11 16:23:30.200, 1, 1800, 2100, 84, 127.28, 300.00, 0, 0, 0x0000000000000020
2026/08/11 16:23:30.202, 2, 1860, 2100, 77, 287.77, 300.00, 82, 55, 0x0000000000000000
2026/08/11 16:23:35.204, 0, 210, 2100, 80, 45.87, 300.00, 0, 0, 0x0000000000000001
2026/08/11 16:23:35.238, 1, 0, 2100, 78, 52.34, 300.00, 0, 0, 0x0000000000000001
2026/08/11 16:23:35.270, 2, 1800, 2100, 81, 290.43, 300.00, 83, 55, 0x0000000000000004
2026/08/11 16:23:40.272, 0, 0, 2100, 77, 30.99, 300.00, 0, 0, 0x0000000000000001
2026/08/11 16:23:40.305, 1, 0, 2100, 75, 30.90, 300.00, 0, 0, 0x0000000000000001
2026/08/11 16:23:40.337, 2, 1785, 2100, 81, 290.24, 300.00, 84, 56, 0x0000000000000004
2026/08/11 16:23:45.339, 0, 0, 2100, 74, 30.52, 300.00, 0, 0, 0x0000000000000001
2026/08/11 16:23:45.372, 1, 0, 2100, 72, 30.19, 300.00, 0, 0, 0x0000000000000001
2026/08/11 16:23:45.405, 2, 1785, 2100, 82, 286.91, 300.00, 84, 56, 0x0000000000000004
2026/08/11 16:23:50.408, 0, 0, 2100, 72, 41.21, 300.00, 0, 0, 0x0000000000000001
2026/08/11 16:23:50.441, 1, 0, 2100, 71, 30.46, 300.00, 0, 0, 0x0000000000000001
2026/08/11 16:23:50.474, 2, 1830, 2100, 82, 241.77, 300.00, 88, 58, 0x0000000000000004
2026/08/11 16:23:55.476, 0, 0, 2100, 70, 28.17, 300.00, 0, 0, 0x0000000000000001
2026/08/11 16:23:55.509, 1, 210, 2100, 69, 31.06, 300.00, 0, 0, 0x0000000000000001
2026/08/11 16:23:55.542, 2, 1815, 2100, 81, 279.36, 300.00, 84, 55, 0x0000000000000004
2026/08/11 16:24:00.544, 0, 0, 2100, 69, 27.06, 300.00, 0, 0, 0x0000000000000001
2026/08/11 16:24:00.582, 1, 210, 2100, 68, 34.58, 300.00, 0, 0, 0x0000000000000001
2026/08/11 16:24:00.615, 2, 1830, 2100, 83, 288.30, 300.00, 83, 55, 0x0000000000000004
2026/08/11 16:24:05.617, 0, 0, 2100, 68, 29.44, 300.00, 0, 0, 0x0000000000000004
2026/08/11 16:24:05.619, 1, 0, 2100, 67, 28.70, 300.00, 0, 0, 0x0000000000000001
2026/08/11 16:24:05.652, 2, 1830, 2100, 84, 283.27, 300.00, 84, 56, 0x0000000000000004
2026/08/11 16:24:10.655, 0, 210, 2100, 68, 28.24, 300.00, 0, 0, 0x0000000000000001
2026/08/11 16:24:10.688, 1, 0, 2100, 66, 39.79, 300.00, 0, 0, 0x0000000000000001
2026/08/11 16:24:10.721, 2, 1770, 2100, 84, 283.89, 300.00, 85, 56, 0x0000000000000004
2026/08/11 16:24:15.722, 0, 0, 2100, 67, 26.59, 300.00, 0, 0, 0x0000000000000001
2026/08/11 16:24:15.755, 1, 0, 2100, 65, 27.82, 300.00, 0, 0, 0x0000000000000001
2026/08/11 16:24:15.789, 2, 1800, 2100, 83, 279.65, 300.00, 83, 55, 0x0000000000000020
2026/08/11 16:24:20.792, 0, 0, 2100, 66, 26.29, 300.00, 0, 0, 0x0000000000000001
2026/08/11 16:24:20.825, 1, 0, 2100, 64, 27.87, 300.00, 0, 0, 0x0000000000000001
2026/08/11 16:24:20.858, 2, 1800, 2100, 84, 278.04, 300.00, 82, 54, 0x0000000000000020
2026/08/11 16:24:25.860, 0, 0, 2100, 67, 38.15, 300.00, 0, 0, 0x0000000000000001
2026/08/11 16:24:25.893, 1, 0, 2100, 64, 29.31, 300.00, 0, 0, 0x0000000000000001
2026/08/11 16:24:25.926, 2, 1800, 2100, 84, 287.75, 300.00, 87, 57, 0x0000000000000020
2026/08/11 16:24:30.928, 0, 0, 2100, 66, 26.17, 300.00, 0, 0, 0x0000000000000001
2026/08/11 16:24:30.962, 1, 0, 2100, 63, 26.95, 300.00, 0, 0, 0x0000000000000001
2026/08/11 16:24:30.994, 2, 1710, 2100, 84, 286.72, 300.00, 92, 63, 0x0000000000000004
2026/08/11 16:24:35.997, 0, 0, 2100, 65, 26.07, 300.00, 0, 0, 0x0000000000000001
2026/08/11 16:24:36.030, 1, 0, 2100, 63, 26.85, 300.00, 0, 0, 0x0000000000000001
2026/08/11 16:24:36.063, 2, 1725, 2100, 85, 285.21, 300.00, 91, 62, 0x0000000000000004
2026/08/11 16:24:41.066, 0, 0, 2100, 65, 27.81, 300.00, 0, 0, 0x0000000000000001
2026/08/11 16:24:41.099, 1, 0, 2100, 62, 28.16, 300.00, 0, 0, 0x0000000000000001
2026/08/11 16:24:41.132, 2, 1770, 2100, 84, 286.94, 300.00, 93, 64, 0x0000000000000004
2026/08/11 16:24:46.134, 0, 0, 2100, 64, 25.57, 300.00, 0, 0, 0x0000000000000001
2026/08/11 16:24:46.167, 1, 210, 2100, 62, 31.85, 300.00, 0, 0, 0x0000000000000001
2026/08/11 16:24:46.199, 2, 1755, 2100, 85, 286.49, 300.00, 92, 63, 0x0000000000000004
2026/08/11 16:24:51.202, 0, 0, 2100, 64, 25.83, 300.00, 0, 0, 0x0000000000000001
2026/08/11 16:24:51.236, 1, 0, 2100, 62, 26.62, 300.00, 0, 0, 0x0000000000000001
2026/08/11 16:24:51.268, 2, 1740, 2100, 85, 287.98, 300.00, 92, 64, 0x0000000000000004
2026/08/11 16:24:56.271, 0, 0, 2100, 64, 27.92, 300.00, 0, 0, 0x0000000000000001
2026/08/11 16:24:56.304, 1, 0, 2100, 61, 26.84, 300.00, 0, 0, 0x0000000000000001
2026/08/11 16:24:56.337, 2, 1755, 2100, 85, 286.72, 300.00, 91, 63, 0x0000000000000004
2026/08/11 16:25:01.339, 0, 210, 2100, 64, 30.27, 300.00, 0, 0, 0x0000000000000001
2026/08/11 16:25:01.373, 1, 0, 2100, 61, 39.08, 300.00, 0, 0, 0x0000000000000001
2026/08/11 16:25:01.405, 2, 1770, 2100, 85, 288.12, 300.00, 92, 63, 0x0000000000000004
2026/08/11 16:25:06.408, 0, 0, 2100, 63, 25.35, 300.00, 0, 0, 0x0000000000000001
2026/08/11 16:25:06.441, 1, 0, 2100, 61, 26.24, 300.00, 0, 0, 0x0000000000000001
2026/08/11 16:25:06.474, 2, 1755, 2100, 85, 287.00, 300.00, 91, 63, 0x0000000000000004
2026/08/11 16:25:11.479, 0, 0, 2100, 63, 25.47, 300.00, 0, 0, 0x0000000000000001
2026/08/11 16:25:11.512, 1, 0, 2100, 60, 26.03, 300.00, 0, 0, 0x0000000000000001
2026/08/11 16:25:11.545, 2, 1755, 2100, 85, 287.41, 300.00, 93, 64, 0x0000000000000004
2026/08/11 16:25:16.546, 0, 0, 2100, 63, 36.41, 300.00, 0, 0, 0x0000000000000001
2026/08/11 16:25:16.579, 1, 0, 2100, 61, 27.79, 300.00, 0, 0, 0x0000000000000001
2026/08/11 16:25:16.612, 2, 1725, 2100, 85, 286.69, 300.00, 92, 63, 0x0000000000000004
2026/08/11 16:25:21.617, 0, 0, 2100, 62, 25.24, 300.00, 0, 0, 0x0000000000000001
2026/08/11 16:25:21.650, 1, 210, 2100, 60, 28.87, 300.00, 0, 0, 0x0000000000000001
2026/08/11 16:25:21.683, 2, 1755, 2100, 85, 288.21, 300.00, 92, 63, 0x0000000000000004
2026/08/11 16:25:26.686, 0, 0, 2100, 62, 24.97, 300.00, 0, 0, 0x0000000000000001
2026/08/11 16:25:26.719, 1, 0, 2100, 60, 25.87, 300.00, 0, 0, 0x0000000000000001
2026/08/11 16:25:26.752, 2, 1785, 2100, 85, 289.48, 300.00, 86, 56, 0x0000000000000020
2026/08/11 16:25:31.754, 0, 0, 2100, 62, 26.66, 300.00, 0, 0, 0x0000000000000001
2026/08/11 16:25:31.787, 1, 0, 2100, 59, 25.95, 300.00, 0, 0, 0x0000000000000001
2026/08/11 16:25:31.820, 2, 1740, 2100, 85, 262.55, 300.00, 76, 52, 0x0000000000000004
2026/08/11 16:25:36.822, 0, 210, 2100, 62, 27.59, 300.00, 0, 0, 0x0000000000000001
2026/08/11 16:25:36.855, 1, 0, 2100, 60, 36.24, 300.00, 0, 0, 0x0000000000000001
2026/08/11 16:25:36.888, 2, 1755, 2100, 85, 288.28, 300.00, 92, 63, 0x0000000000000004
2026/08/11 16:25:41.890, 0, 0, 2100, 62, 24.72, 300.00, 0, 0, 0x0000000000000001
2026/08/11 16:25:41.923, 1, 0, 2100, 59, 25.83, 300.00, 0, 0, 0x0000000000000001
2026/08/11 16:25:41.956, 2, 1695, 2100, 85, 286.61, 300.00, 92, 63, 0x0000000000000004
2026/08/11 16:25:46.957, 0, 0, 2100, 61, 25.31, 300.00, 0, 0, 0x0000000000000001
2026/08/11 16:25:46.991, 1, 0, 2100, 59, 25.68, 300.00, 0, 0, 0x0000000000000001
2026/08/11 16:25:47.024, 2, 1770, 2100, 85, 287.29, 300.00, 92, 63, 0x0000000000000004
2026/08/11 16:25:52.026, 0, 0, 2100, 62, 35.12, 300.00, 0, 0, 0x0000000000000001
2026/08/11 16:25:52.059, 1, 0, 2100, 59, 27.13, 300.00, 0, 0, 0x0000000000000001
2026/08/11 16:25:52.092, 2, 1725, 2100, 85, 285.81, 300.00, 90, 62, 0x0000000000000004
2026/08/11 16:25:57.094, 0, 0, 2100, 61, 24.90, 300.00, 0, 0, 0x0000000000000001
2026/08/11 16:25:57.127, 1, 0, 2100, 58, 25.72, 300.00, 0, 0, 0x0000000000000001
2026/08/11 16:25:57.160, 2, 1740, 2100, 85, 288.03, 300.00, 93, 64, 0x0000000000000004
2026/08/11 16:26:02.163, 0, 0, 2100, 61, 24.67, 300.00, 0, 0, 0x0000000000000001
2026/08/11 16:26:02.196, 1, 0, 2100, 59, 27.60, 300.00, 0, 0, 0x0000000000000001
2026/08/11 16:26:02.229, 2, 1770, 2100, 86, 287.48, 300.00, 92, 64, 0x0000000000000004
2026/08/11 16:26:07.231, 0, 0, 2100, 61, 26.85, 300.00, 0, 0, 0x0000000000000001
2026/08/11 16:26:07.264, 1, 0, 2100, 59, 27.55, 300.00, 0, 0, 0x0000000000000001
2026/08/11 16:26:07.297, 2, 1680, 2100, 85, 287.71, 300.00, 92, 63, 0x0000000000000004
2026/08/11 16:26:12.299, 0, 0, 2100, 61, 24.62, 300.00, 0, 0, 0x0000000000000001
2026/08/11 16:26:12.332, 1, 0, 2100, 58, 25.68, 300.00, 0, 0, 0x0000000000000001
2026/08/11 16:26:12.365, 2, 1770, 2100, 85, 287.50, 300.00, 89, 61, 0x0000000000000004
2026/08/11 16:26:17.368, 0, 0, 2100, 61, 24.58, 300.00, 0, 0, 0x0000000000000001
2026/08/11 16:26:17.410, 1, 0, 2100, 58, 25.53, 300.00, 0, 0, 0x0000000000000001
2026/08/11 16:26:17.443, 2, 1695, 2100, 85, 286.39, 300.00, 92, 63, 0x0000000000000004
2026/08/11 16:26:22.445, 0, 0, 2100, 61, 26.32, 300.00, 0, 0, 0x0000000000000001
2026/08/11 16:26:22.479, 1, 0, 2100, 58, 26.85, 300.00, 0, 0, 0x0000000000000001
2026/08/11 16:26:22.511, 2, 1770, 2100, 85, 286.55, 300.00, 92, 63, 0x0000000000000004
2026/08/11 16:26:27.515, 0, 0, 2100, 60, 24.62, 300.00, 0, 0, 0x0000000000000001
2026/08/11 16:26:27.548, 1, 210, 2100, 58, 30.01, 300.00, 0, 0, 0x0000000000000001
2026/08/11 16:26:27.581, 2, 1695, 2100, 85, 284.53, 300.00, 89, 61, 0x0000000000000004
2026/08/11 16:26:32.583, 0, 0, 2100, 60, 24.70, 300.00, 0, 0, 0x0000000000000001
2026/08/11 16:26:32.616, 1, 0, 2100, 57, 25.29, 300.00, 0, 0, 0x0000000000000001
2026/08/11 16:26:32.649, 2, 1800, 2100, 85, 287.37, 300.00, 87, 57, 0x0000000000000020
2026/08/11 16:26:37.651, 0, 0, 2100, 60, 24.96, 300.00, 0, 0, 0x0000000000000001
2026/08/11 16:26:37.684, 1, 0, 2100, 57, 25.99, 300.00, 0, 0, 0x0000000000000001
2026/08/11 16:26:37.717, 2, 1800, 2100, 79, 113.45, 300.00, 0, 0, 0x0000000000000000
2026/08/11 16:26:42.744, 0, 210, 2100, 60, 29.05, 300.00, 0, 0, 0x0000000000000001
2026/08/11 16:26:42.778, 1, 0, 2100, 58, 36.22, 300.00, 0, 0, 0x0000000000000001
2026/08/11 16:26:42.811, 2, 210, 2100, 73, 35.21, 300.00, 0, 0, 0x0000000000000001
2026/08/11 16:26:47.848, 0, 0, 2100, 60, 23.78, 300.00, 0, 0, 0x0000000000000001
2026/08/11 16:26:47.881, 1, 0, 2100, 57, 26.02, 300.00, 0, 0, 0x0000000000000001
2026/08/11 16:26:47.914, 2, 0, 2100, 70, 24.32, 300.00, 0, 0, 0x0000000000000001
2026/08/11 16:26:52.947, 0, 0, 2100, 60, 24.02, 300.00, 0, 0, 0x0000000000000001
2026/08/11 16:26:52.980, 1, 0, 2100, 57, 25.88, 300.00, 0, 0, 0x0000000000000001
2026/08/11 16:26:53.014, 2, 0, 2100, 67, 23.14, 300.00, 0, 0, 0x0000000000000001
2026/08/11 16:26:58.048, 0, 0, 2100, 60, 35.19, 300.00, 0, 0, 0x0000000000000001
2026/08/11 16:26:58.081, 1, 0, 2100, 57, 27.91, 300.00, 0, 0, 0x0000000000000001
2026/08/11 16:26:58.114, 2, 0, 2100, 65, 31.45, 300.00, 0, 0, 0x0000000000000001
2026/08/11 16:27:03.147, 0, 0, 2100, 60, 23.95, 300.00, 0, 0, 0x0000000000000001
2026/08/11 16:27:03.180, 1, 210, 2100, 57, 31.73, 300.00, 0, 0, 0x0000000000000001
2026/08/11 16:27:03.213, 2, 0, 2100, 63, 21.81, 300.00, 0, 0, 0x0000000000000001
2026/08/11 16:27:08.246, 0, 0, 2100, 60, 23.65, 300.00, 0, 0, 0x0000000000000001
2026/08/11 16:27:08.279, 1, 0, 2100, 57, 25.57, 300.00, 0, 0, 0x0000000000000001
2026/08/11 16:27:08.311, 2, 0, 2100, 61, 21.59, 300.00, 0, 0, 0x0000000000000001
2026/08/11 16:27:13.344, 0, 0, 2100, 59, 25.51, 300.00, 0, 0, 0x0000000000000001
2026/08/11 16:27:13.378, 1, 0, 2100, 56, 25.79, 300.00, 0, 0, 0x0000000000000001
2026/08/11 16:27:13.411, 2, 0, 2100, 60, 22.85, 300.00, 1, 0, 0x0000000000000001
2026/08/11 16:27:18.444, 0, 210, 2100, 60, 27.97, 300.00, 0, 0, 0x0000000000000001
2026/08/11 16:27:18.477, 1, 0, 2100, 57, 36.06, 300.00, 0, 0, 0x0000000000000001
2026/08/11 16:27:18.510, 2, 210, 2100, 59, 24.58, 300.00, 0, 0, 0x0000000000000001
2026/08/11 16:27:23.543, 0, 0, 2100, 59, 23.71, 300.00, 1, 0, 0x0000000000000001
2026/08/11 16:27:23.576, 1, 0, 2100, 56, 25.62, 300.00, 0, 0, 0x0000000000000001
2026/08/11 16:27:23.609, 2, 0, 2100, 58, 21.17, 300.00, 0, 0, 0x0000000000000001
