run,fold,seed,epoch,phase,warmup,train_s,val_s,total_s,peak_gpu_gb,val_pearson,val_mse,gpu,batch_size,workers,n_train,n_val,run_minutes,slurm_task
fold0_seed0,0,0,1,head_only,True,26.46,6.17,32.6,0.16,0.8036610027170091,0.3014102733306406,NVIDIA RTX A6000,256,4,265184,66296,3.19,0
fold0_seed0,0,0,2,head_only,False,25.51,5.97,31.5,0.16,0.8118110783616418,0.25648373263987295,NVIDIA RTX A6000,256,4,265184,66296,3.19,0
fold0_seed0,0,0,3,full,True,57.47,6.26,63.7,1.52,0.8672518275423624,0.19248837938897928,NVIDIA RTX A6000,256,4,265184,66296,3.19,0
fold0_seed0,0,0,4,full,False,57.76,6.01,63.8,1.52,0.8700187629639969,0.18359399604267992,NVIDIA RTX A6000,256,4,265184,66296,3.19,0
fold0_seed1,0,1,1,head_only,True,26.64,6.2,32.8,0.16,0.7997286168317318,0.27566412997875855,NVIDIA RTX A6000,256,4,265184,66296,3.26,1
fold0_seed1,0,1,2,head_only,False,26.07,6.05,32.1,0.16,0.8203934604747263,0.24914030288202824,NVIDIA RTX A6000,256,4,265184,66296,3.26,1
fold0_seed1,0,1,3,full,True,58.93,6.19,65.1,1.52,0.8641322444183325,0.19242320994898107,NVIDIA RTX A6000,256,4,265184,66296,3.26,1
fold0_seed1,0,1,4,full,False,59.2,6.27,65.5,1.52,0.8680916600190767,0.18719942609723234,NVIDIA RTX A6000,256,4,265184,66296,3.26,1
fold1_seed0,1,0,1,head_only,True,26.46,6.2,32.7,0.16,0.8018467425429351,0.2666327552569852,NVIDIA RTX A6000,256,4,265184,66296,3.26,2
fold1_seed0,1,0,2,head_only,False,25.73,6.12,31.8,0.16,0.8171389030928224,0.2483129227162846,NVIDIA RTX A6000,256,4,265184,66296,3.26,2
fold1_seed0,1,0,3,full,True,59.11,6.3,65.4,1.52,0.863204148057759,0.18922013642058033,NVIDIA RTX A6000,256,4,265184,66296,3.26,2
fold1_seed0,1,0,4,full,False,59.67,6.24,65.9,1.52,0.868572017731113,0.18304131038804328,NVIDIA RTX A6000,256,4,265184,66296,3.26,2
fold1_seed1,1,1,1,head_only,True,26.7,6.29,33.0,0.16,0.8019324354057625,0.2716580063582934,NVIDIA RTX A6000,256,4,265184,66296,3.22,3
fold1_seed1,1,1,2,head_only,False,26.04,5.97,32.0,0.16,0.8183455301594759,0.24721152146331246,NVIDIA RTX A6000,256,4,265184,66296,3.22,3
fold1_seed1,1,1,3,full,True,57.72,6.1,63.8,1.51,0.8639233501161949,0.18982790370060565,NVIDIA RTX A6000,256,4,265184,66296,3.22,3
fold1_seed1,1,1,4,full,False,58.06,6.14,64.2,1.52,0.8688551839081075,0.18340229146570036,NVIDIA RTX A6000,256,4,265184,66296,3.22,3
fold2_seed0,2,0,1,head_only,True,27.0,6.37,33.4,0.16,0.7977106530379694,0.2801032547382821,NVIDIA RTX A6000,256,4,265184,66296,3.31,4
fold2_seed0,2,0,2,head_only,False,26.62,6.18,32.8,0.16,0.8159748530508171,0.2529868590496584,NVIDIA RTX A6000,256,4,265184,66296,3.31,4
fold2_seed0,2,0,3,full,True,60.09,6.29,66.4,1.52,0.8637426835754396,0.1943650754611196,NVIDIA RTX A6000,256,4,265184,66296,3.31,4
fold2_seed0,2,0,4,full,False,60.04,6.23,66.3,1.51,0.8714486517328759,0.17930770299396398,NVIDIA RTX A6000,256,4,265184,66296,3.31,4
fold2_seed1,2,1,1,head_only,True,26.97,6.33,33.3,0.16,0.8016799558775008,0.27009365474327607,NVIDIA RTX A6000,256,4,265184,66296,3.31,5
fold2_seed1,2,1,2,head_only,False,26.39,6.19,32.6,0.16,0.815624417579936,0.25135307634525567,NVIDIA RTX A6000,256,4,265184,66296,3.31,5
fold2_seed1,2,1,3,full,True,60.27,6.3,66.6,1.51,0.8659838958859456,0.19620020880520206,NVIDIA RTX A6000,256,4,265184,66296,3.31,5
fold2_seed1,2,1,4,full,False,59.96,6.31,66.3,1.52,0.8714858061191129,0.18027851321778654,NVIDIA RTX A6000,256,4,265184,66296,3.31,5
fold3_seed0,3,0,1,head_only,True,26.84,6.34,33.2,0.16,0.7953492425914148,0.2721257657154314,NVIDIA RTX A6000,256,4,265184,66296,3.22,6
fold3_seed0,3,0,2,head_only,False,25.91,6.06,32.0,0.16,0.8194392744974325,0.24652710498364683,NVIDIA RTX A6000,256,4,265184,66296,3.22,6
fold3_seed0,3,0,3,full,True,58.05,6.15,64.2,1.52,0.8613530272365693,0.2002577523608626,NVIDIA RTX A6000,256,4,265184,66296,3.22,6
fold3_seed0,3,0,4,full,False,57.65,6.15,63.8,1.51,0.8642541029384008,0.1875680165309821,NVIDIA RTX A6000,256,4,265184,66296,3.22,6
fold3_seed1,3,1,1,head_only,True,26.87,6.38,33.3,0.16,0.8024710840115424,0.26869995423992826,NVIDIA RTX A6000,256,4,265184,66296,3.32,7
fold3_seed1,3,1,2,head_only,False,26.38,6.23,32.6,0.16,0.8187366560481513,0.2594932976427305,NVIDIA RTX A6000,256,4,265184,66296,3.32,7
fold3_seed1,3,1,3,full,True,60.23,6.37,66.6,1.52,0.8641104661305479,0.18867305245174493,NVIDIA RTX A6000,256,4,265184,66296,3.32,7
fold3_seed1,3,1,4,full,False,60.43,6.31,66.7,1.52,0.8692756355109021,0.18484055224180768,NVIDIA RTX A6000,256,4,265184,66296,3.32,7
fold4_seed0,4,0,1,head_only,True,26.91,6.37,33.3,0.16,0.7945698791412619,0.2903772131358382,NVIDIA RTX A6000,256,4,265184,66296,3.3,8
fold4_seed0,4,0,2,head_only,False,26.53,6.11,32.6,0.16,0.8173662690962183,0.2670597920763603,NVIDIA RTX A6000,256,4,265184,66296,3.3,8
fold4_seed0,4,0,3,full,True,59.79,6.31,66.1,1.52,0.8629403478497517,0.1988458035578267,NVIDIA RTX A6000,256,4,265184,66296,3.3,8
fold4_seed0,4,0,4,full,False,59.76,6.26,66.0,1.52,0.8705846793802301,0.19916796100230244,NVIDIA RTX A6000,256,4,265184,66296,3.3,8
fold4_seed1,4,1,1,head_only,True,26.61,6.24,32.8,0.16,0.7991044379279348,0.2793168849560699,NVIDIA RTX A6000,256,4,265184,66296,3.21,9
fold4_seed1,4,1,2,head_only,False,25.66,6.05,31.7,0.16,0.8195258718528,0.2508411058775979,NVIDIA RTX A6000,256,4,265184,66296,3.21,9
fold4_seed1,4,1,3,full,True,57.82,6.15,64.0,1.52,0.8611708135815601,0.19832423208878155,NVIDIA RTX A6000,256,4,265184,66296,3.21,9
fold4_seed1,4,1,4,full,False,57.62,6.17,63.8,1.52,0.8686867505749065,0.18750188630323755,NVIDIA RTX A6000,256,4,265184,66296,3.21,9
