cell,seed,direction,run,w_vic,scaling,calib_rho,novelty_rho,predext_rho,embnn_rho,coverage95,mean_std,gp_spearman,kernel,hits_random,hits_greedy,hits_ucb,hits_maxvar,n_pool_positives
A_base,0,0,outputs/rank_v1/A_base/fold0_seed0,0.0,raw,-0.022896138387845533,0.1950505423992582,0.34743531858608956,0.6688537631701504,0.9544,0.4499554463669521,0.8781602789924988,"2.48**2 * Matern(length_scale=13, nu=2.5) + WhiteKernel(noise_level=0.263)",5,36,36,22,48
A_base,0,1,outputs/rank_v1/A_base/fold0_seed0,0.0,raw,-0.0029612778464511136,0.18545818756854854,0.43626686503467454,0.7438426916097076,0.933,0.4065142315125272,0.8779212559895387,"3.56**2 * Matern(length_scale=12, nu=2.5) + WhiteKernel(noise_level=0.226)",5,32,31,22,54
A_base,1,0,outputs/rank_v1/A_base/fold0_seed1,0.0,raw,0.027623278704931142,0.08523520850431769,0.2645825107016504,0.5490424572256982,0.9516,0.4429625053410016,0.8792329331831744,"2.97**2 * Matern(length_scale=12.6, nu=2.5) + WhiteKernel(noise_level=0.256)",5,38,38,28,48
A_base,1,1,outputs/rank_v1/A_base/fold0_seed1,0.0,raw,0.03315252929410117,0.08132708453675697,0.3233034409874155,0.6460163409766535,0.9358,0.4044965184880803,0.8785523343519546,"3.16**2 * Matern(length_scale=6.98, nu=2.5) + WhiteKernel(noise_level=0.224)",5,36,36,26,54
A_base,2,0,outputs/rank_v1/A_base/fold0_seed2,0.0,raw,0.03333596926943877,0.0616776028410254,0.15495259287754143,0.5328034880641395,0.952,0.4467797694922372,0.8762580743751095,"2.57**2 * Matern(length_scale=13, nu=2.5) + WhiteKernel(noise_level=0.259)",5,34,34,28,48
A_base,2,1,outputs/rank_v1/A_base/fold0_seed2,0.0,raw,0.06217967106318684,0.02133879008855558,0.19365942770302494,0.6369735900869435,0.9334,0.4040177449104406,0.8753448251404085,"2.64**2 * Matern(length_scale=5.45, nu=2.5) + WhiteKernel(noise_level=0.22)",5,39,39,23,54
C_w1,0,0,outputs/rank_v1/C_w1/fold0_seed0,1.0,raw,0.029245195505807817,0.16827672556761178,0.07909644220385767,0.5163171868926874,0.9486,0.45027465896244623,0.8706510369216716,"1.76**2 * Matern(length_scale=12.1, nu=2.5) + WhiteKernel(noise_level=0.249)",5,33,33,13,48
C_w1,0,1,outputs/rank_v1/C_w1/fold0_seed0,1.0,raw,0.02587437482697499,0.12353614336093202,0.12387931719814578,0.34768075323523007,0.9406,0.4180242478835419,0.8712475551133843,"4.64**2 * Matern(length_scale=30.8, nu=2.5) + WhiteKernel(noise_level=0.233)",5,34,34,15,54
C_w1,1,0,outputs/rank_v1/C_w1/fold0_seed1,1.0,raw,0.05672706428508256,0.07417637729057559,-0.17080535330441274,0.5139745127189804,0.9536,0.4515063280335735,0.8749573176706912,"3.22**2 * Matern(length_scale=16.1, nu=2.5) + WhiteKernel(noise_level=0.263)",5,39,39,14,48
C_w1,1,1,outputs/rank_v1/C_w1/fold0_seed1,1.0,raw,0.0414323426172937,-0.0347686096143367,-0.09191486556459462,0.5495170241246808,0.9382,0.4137011066307021,0.8768122629186512,"1.84**2 * Matern(length_scale=7, nu=2.5) + WhiteKernel(noise_level=0.23)",5,37,37,20,54
C_w1,2,0,outputs/rank_v1/C_w1/fold0_seed2,1.0,raw,0.16519225956769035,0.03484683592610121,-0.2830696779991681,0.6248234494409379,0.9494,0.4486370854336323,0.8652311701199215,"1.19**2 * Matern(length_scale=7.25, nu=2.5) + WhiteKernel(noise_level=0.238)",5,27,29,16,48
C_w1,2,1,outputs/rank_v1/C_w1/fold0_seed2,1.0,raw,0.15378491866339675,-0.010264882648252732,-0.12406636970460995,0.4891434090057363,0.9344,0.41055443309573636,0.8706841733206674,"2.01**2 * Matern(length_scale=11.6, nu=2.5) + WhiteKernel(noise_level=0.216)",5,35,37,21,54
D_w3,0,0,outputs/rank_v1/D_w3/fold0_seed0,3.0,raw,0.12430967412438695,0.0489444706674497,-0.06797651859269219,0.32585716913028673,0.9518,0.4540223286120759,0.8710704692877173,"2.53**2 * Matern(length_scale=16.3, nu=2.5) + WhiteKernel(noise_level=0.251)",5,26,30,14,48
D_w3,0,1,outputs/rank_v1/D_w3/fold0_seed0,3.0,raw,0.13427463916298557,0.03574831417394795,0.033787727527509095,0.3890978240759129,0.9392,0.41698476885950875,0.8690431468295542,"2.04**2 * Matern(length_scale=11.4, nu=2.5) + WhiteKernel(noise_level=0.213)",5,32,33,15,54
D_w3,1,0,outputs/rank_v1/D_w3/fold0_seed1,3.0,raw,0.0962494199139768,-0.036762860286546524,-0.13406120715766576,0.1748844054593762,0.954,0.4491519916672243,0.8691548103163377,"3.19**2 * Matern(length_scale=21.3, nu=2.5) + WhiteKernel(noise_level=0.253)",5,29,31,14,48
D_w3,1,1,outputs/rank_v1/D_w3/fold0_seed1,3.0,raw,0.1249904078476163,-0.12445051893894891,-0.06969037536696014,0.2892935980357439,0.9402,0.42095009490186497,0.873928990825559,"2.17**2 * Matern(length_scale=13.1, nu=2.5) + WhiteKernel(noise_level=0.228)",5,37,38,16,54
D_w3,2,0,outputs/rank_v1/D_w3/fold0_seed2,3.0,raw,0.13743934216957368,0.017109444772375446,-0.10648068344833839,0.30339487693579503,0.953,0.4564254039888689,0.8690464149243031,"2.27**2 * Matern(length_scale=13.9, nu=2.5) + WhiteKernel(noise_level=0.25)",5,33,33,16,48
D_w3,2,1,outputs/rank_v1/D_w3/fold0_seed2,3.0,raw,0.13005377214615088,-0.056671085331316415,-0.008988838871985016,0.30388059241122367,0.9394,0.4192414244153816,0.8694256514923565,"2**2 * Matern(length_scale=11.2, nu=2.5) + WhiteKernel(noise_level=0.215)",5,35,35,20,54
E_w10,0,0,outputs/rank_v1/E_w10/fold0_seed0,10.0,raw,0.1603723774868951,0.03902103117020264,-0.11547739767509588,0.4508357689774307,0.9496,0.45586955509973925,0.8663435043324669,"2.51**2 * Matern(length_scale=13.5, nu=2.5) + WhiteKernel(noise_level=0.245)",5,29,29,21,48
E_w10,0,1,outputs/rank_v1/E_w10/fold0_seed0,10.0,raw,0.1729145059245802,0.004953610740152159,0.0003318979332918484,0.4337615722304628,0.9346,0.41441195525412916,0.8653953106589215,"2.35**2 * Matern(length_scale=11.7, nu=2.5) + WhiteKernel(noise_level=0.206)",5,29,35,19,54
E_w10,1,0,outputs/rank_v1/E_w10/fold0_seed1,10.0,raw,0.16302030325681213,-0.03922139236719656,-0.2177905911116236,0.3828879684995186,0.9574,0.4555795759931538,0.8724012909405832,"2.57**2 * Matern(length_scale=14.5, nu=2.5) + WhiteKernel(noise_level=0.249)",5,35,32,11,48
E_w10,1,1,outputs/rank_v1/E_w10/fold0_seed1,10.0,raw,0.16874539500581578,-0.13218802184742948,-0.09112189507106273,0.27006809457872377,0.9454,0.4267636837816692,0.8724661108399692,"3.23**2 * Matern(length_scale=17.8, nu=2.5) + WhiteKernel(noise_level=0.232)",5,36,39,17,54
E_w10,2,0,outputs/rank_v1/E_w10/fold0_seed2,10.0,raw,0.13622986212119448,0.019361172939056724,-0.10616217972103509,0.23041084492843375,0.9518,0.4529972359766425,0.8685419289456754,"3.25**2 * Matern(length_scale=18.6, nu=2.5) + WhiteKernel(noise_level=0.249)",5,33,33,21,48
E_w10,2,1,outputs/rank_v1/E_w10/fold0_seed2,10.0,raw,0.182526701669068,0.014865876058771807,-0.025406996456889624,0.28972046752481867,0.9404,0.42132622957751475,0.8671367036764143,"2.8**2 * Matern(length_scale=15, nu=2.5) + WhiteKernel(noise_level=0.221)",5,38,37,23,54
A_base,3,0,outputs/rank_v2/A_base/fold0_seed3,0.0,raw,-0.036885628259425124,0.1787464873615849,0.354019788393288,0.7106579225383168,0.953,0.4526035907824816,0.8773766402365767,"2.26**2 * Matern(length_scale=12.1, nu=2.5) + WhiteKernel(noise_level=0.266)",5,32,33,21,48
A_base,3,1,outputs/rank_v2/A_base/fold0_seed3,0.0,raw,-0.027936805693472226,0.18399613504545573,0.4561177623036573,0.737901480332059,0.938,0.4121065726580702,0.8788239201188653,"2.62**2 * Matern(length_scale=9.72, nu=2.5) + WhiteKernel(noise_level=0.232)",5,38,37,23,54
A_base,4,0,outputs/rank_v2/A_base/fold0_seed4,0.0,raw,-0.010284188763367548,0.10195029910242007,0.24173984748339566,0.6676599140343964,0.9496,0.44355140109413904,0.8773618688583916,"2.26**2 * Matern(length_scale=9.53, nu=2.5) + WhiteKernel(noise_level=0.253)",5,36,36,22,48
A_base,4,1,outputs/rank_v2/A_base/fold0_seed4,0.0,raw,0.01571019979640799,0.08574238373895811,0.3251605283024211,0.7072478046419121,0.9372,0.4095287801521792,0.8763118513749562,"3.34**2 * Matern(length_scale=10.8, nu=2.5) + WhiteKernel(noise_level=0.228)",5,36,36,21,54
C_w1,3,0,outputs/rank_v2/C_w1/fold0_seed3,1.0,raw,0.060242789385711565,0.16531872833479722,0.007806491640447021,0.49453888022955517,0.9548,0.4505921037249717,0.8734641631138117,"1.68**2 * Matern(length_scale=11, nu=2.5) + WhiteKernel(noise_level=0.249)",5,33,35,16,48
C_w1,3,1,outputs/rank_v2/C_w1/fold0_seed3,1.0,raw,0.06127807003512279,0.15372279182463613,0.09457699280934956,0.42633698655747937,0.9374,0.41957250799234314,0.8742001290884054,"2.23**2 * Matern(length_scale=14.1, nu=2.5) + WhiteKernel(noise_level=0.23)",5,37,37,17,54
C_w1,4,0,outputs/rank_v2/C_w1/fold0_seed4,1.0,raw,0.04956432755057309,0.09989908746336003,-0.02492379118954982,0.38674815226992604,0.949,0.44818682752957784,0.87031816205643,"2.45**2 * Matern(length_scale=16.6, nu=2.5) + WhiteKernel(noise_level=0.249)",5,25,28,14,48
C_w1,4,1,outputs/rank_v2/C_w1/fold0_seed4,1.0,raw,0.06565739033829561,0.08597996994161057,0.07115255819180999,0.3622786678031467,0.9346,0.4134713559248552,0.8692506346832815,"2.34**2 * Matern(length_scale=14.6, nu=2.5) + WhiteKernel(noise_level=0.221)",5,36,35,15,54
D_w3,3,0,outputs/rank_v2/D_w3/fold0_seed3,3.0,raw,0.09846405350656214,-0.011834018837592988,-0.08558548470341938,0.3158261390970455,0.9504,0.45250561406784984,0.8712360702722144,"2.56**2 * Matern(length_scale=16.1, nu=2.5) + WhiteKernel(noise_level=0.248)",5,33,35,16,48
D_w3,3,1,outputs/rank_v2/D_w3/fold0_seed3,3.0,raw,0.1042638228905529,-0.03444153029824195,-0.04454198381688638,0.3257544132221765,0.9364,0.4107776375535168,0.8708041855298618,"2.34**2 * Matern(length_scale=13, nu=2.5) + WhiteKernel(noise_level=0.208)",5,38,35,20,54
D_w3,4,0,outputs/rank_v2/D_w3/fold0_seed4,3.0,raw,0.13935858173434326,-0.007098807480228066,-0.10420201046358296,0.4872359194574367,0.9492,0.45186445088726523,0.8654679984589551,"1.48**2 * Matern(length_scale=8.64, nu=2.5) + WhiteKernel(noise_level=0.232)",5,31,31,15,48
D_w3,4,1,outputs/rank_v2/D_w3/fold0_seed4,3.0,raw,0.12193718071748721,-0.0786387153066233,-0.023678470451138817,0.38038262126330485,0.9378,0.419641706563997,0.8683684283008859,"1.98**2 * Matern(length_scale=10.8, nu=2.5) + WhiteKernel(noise_level=0.213)",5,35,34,20,54
